Protein_Id	GO:0006886	GO:0051707	GO:0007399	GO:0006259	GO:0007167
O14730	0	1	0	0	0
Q15375	0	0	1	0	1
Q96PU5	0	0	1	0	0
Q9NQI0	0	0	0	1	0
P01225	0	0	0	0	1
Q96RY7	1	0	0	0	0
O75360	0	0	1	0	0
Q02156	0	1	0	0	0
Q86XR8	0	0	0	0	1
O95447	1	0	0	0	0
Q9BYW2	0	1	0	1	0
P78324	0	1	0	0	0
P26022	0	1	0	0	0
P61769	0	1	1	0	0
O43559	0	0	0	0	1
Q2NKJ3	0	0	0	1	0
P61586	0	1	1	0	1
Q9H772	0	0	0	0	1
Q9H2X9	0	0	1	0	0
Q9UBT6	0	0	0	1	0
Q96LB4	0	0	0	0	1
Q9UKF6	1	0	0	0	0
Q16543	1	0	0	0	1
Q9P2H3	1	0	0	0	0
O14727	0	0	1	0	0
Q9Y5I1	0	0	1	0	0
Q86VV4	1	0	0	0	0
P29597	0	1	0	0	0
Q9UIK5	0	0	1	0	0
Q53EL6	0	1	0	0	1
Q9BY77	1	0	0	0	0
Q15645	0	0	0	1	0
P15311	0	0	1	0	0
Q9NQC8	1	0	0	0	0
O43566	0	0	1	0	1
Q15475	0	0	1	0	0
Q6ZW49	0	0	0	1	0
Q96CN4	1	0	0	0	0
Q96LT7	0	0	1	0	0
O14746	0	0	0	1	0
P49005	0	0	0	1	0
P43699	0	0	1	0	0
O43541	0	1	0	0	1
Q96A05	0	0	0	0	1
Q08AD1	0	0	1	0	0
Q86YC2	0	0	0	1	0
Q9HCD6	0	0	1	0	0
Q12841	0	0	0	0	1
P49815	1	0	1	0	1
P01303	0	0	1	0	0
Q9NW07	0	0	1	0	0
Q8TCX1	1	0	0	0	0
Q7Z699	0	0	0	0	1
Q03167	0	0	0	0	1
O43435	0	0	1	0	0
Q9P2S2	0	0	1	0	0
O14522	0	0	0	0	1
P27918	0	1	0	0	0
Q8IZ57	0	0	1	0	0
P62993	0	0	1	0	1
Q9Y287	0	0	1	0	0
O60447	1	0	0	0	0
Q9Y4F1	0	0	1	0	0
Q7L099	0	0	1	0	0
Q8WZ04	0	0	1	0	0
Q86TP1	0	0	1	0	0
Q9BQ51	0	1	0	0	0
P61088	0	0	0	1	0
Q96E22	0	0	0	0	1
Q9UHC6	0	0	1	0	0
Q86V81	1	0	0	1	0
O75363	0	0	1	0	0
Q05516	0	0	1	0	0
Q16827	0	0	1	0	0
Q9NVM4	0	0	0	1	0
O75469	0	1	0	0	0
P19320	0	1	0	0	0
Q8IVW4	0	0	1	0	0
P15260	0	1	1	0	0
Q9BTP7	0	0	0	1	0
Q14872	0	0	1	0	0
Q9BT04	0	0	1	0	0
Q12805	0	0	0	0	1
P47992	0	1	0	0	0
Q9NZH8	0	1	0	0	0
Q9Y2J8	0	0	1	0	0
Q05397	0	0	1	0	1
Q13972	0	0	1	0	0
Q6QNY0	0	0	1	0	0
O95490	0	0	1	0	0
O43320	0	0	0	0	1
Q00597	0	0	0	1	0
P14616	0	0	0	0	1
O43166	0	0	1	0	1
Q86WN2	0	1	0	0	0
O00238	0	0	0	0	1
Q13231	0	1	0	0	0
Q8NFH5	1	0	0	0	0
O00560	1	0	0	0	1
P01344	0	0	0	0	1
Q7Z4K8	0	0	1	0	0
P23458	0	1	0	0	0
P52798	0	0	1	0	1
Q9NP95	0	0	1	0	1
Q9BRJ9	0	0	1	0	0
Q9ULX5	0	0	1	0	0
P04406	0	1	0	0	0
Q9GZX9	0	0	0	0	1
P10600	0	0	0	0	1
Q8WWQ0	0	0	0	0	1
O14503	0	0	1	0	0
P35716	0	0	1	0	0
P13994	0	1	0	0	0
Q9Y639	0	0	1	0	0
P20340	1	0	0	0	0
Q969L2	0	0	1	0	0
Q8NI27	1	0	1	0	0
O95096	0	0	1	0	0
Q9BZE3	0	0	1	0	0
Q68E01	0	0	0	1	0
Q9BVG3	0	1	0	0	0
O95972	0	0	0	0	1
P12314	0	1	0	0	0
Q9H4L7	0	0	0	1	0
P35606	1	0	0	0	0
Q9H0C5	0	0	1	0	0
Q70EL2	0	0	0	1	0
P16671	0	1	0	0	0
P09958	0	0	0	0	1
Q96N67	0	0	1	0	0
Q9UBN7	1	0	0	0	0
Q9P283	0	0	1	0	0
Q9UHD2	0	1	0	0	0
Q6UW15	0	1	0	0	0
Q9UM73	0	0	1	0	1
Q99250	0	0	1	0	0
Q96EQ0	1	0	0	0	0
P15498	0	0	0	0	1
O60462	0	0	1	0	1
Q8NFZ5	0	1	0	0	0
Q96KE9	0	0	1	0	0
P29372	0	0	0	1	0
P54253	0	0	1	0	0
Q14512	0	0	0	0	1
O95750	0	0	1	0	1
Q12756	0	0	1	0	0
Q9HCJ2	0	0	1	0	0
Q99570	1	0	0	0	0
Q7Z434	0	1	0	0	0
Q9HBG4	0	0	0	0	1
P02788	0	1	0	0	0
Q08629	0	0	1	0	0
P56693	0	0	1	0	0
P07998	0	1	0	0	0
P36896	0	0	1	0	1
P50549	0	0	1	0	0
Q8TB73	0	0	1	0	0
Q9UIF9	0	0	0	1	0
Q8WTV0	0	1	0	0	0
P31749	1	0	1	0	1
Q9NUP1	0	0	1	0	0
Q12798	0	0	0	1	0
P01241	0	0	0	0	1
P62891	1	1	0	0	0
P59190	1	0	0	0	0
Q99988	0	0	0	0	1
P61812	0	0	1	0	1
Q9GZY8	1	0	0	0	0
O60469	0	0	1	0	0
P27361	0	0	1	0	1
Q9NWB1	0	0	1	0	0
O75594	0	1	0	0	0
Q8N2Q7	1	0	1	0	0
P52435	0	0	0	1	1
Q9UHL0	1	0	0	0	0
Q9Y3E1	0	0	1	0	0
Q9Y6I4	0	0	0	1	0
P20645	1	0	0	0	0
Q96QK1	1	0	0	0	0
P49753	1	0	0	0	0
Q9HCK4	0	0	1	0	0
P49023	0	0	0	0	1
Q9UHA7	0	1	0	0	0
Q8NFT8	0	0	1	0	0
Q9P2L0	1	0	0	0	0
Q9H6Z4	1	0	0	0	0
Q9NR31	1	0	0	0	0
P20585	0	0	0	1	0
Q9UBX8	0	0	1	0	0
P04083	0	0	1	0	0
O43542	0	0	0	1	0
P26927	0	0	0	0	1
Q9HD47	1	0	0	0	0
Q9UHG0	0	0	1	0	0
Q9Y2J2	0	0	1	0	0
Q01523	0	1	0	0	0
Q13243	1	0	0	0	0
Q92786	0	0	1	0	0
Q09472	0	0	1	1	0
Q92871	1	0	0	0	0
Q9NPP4	0	1	0	0	0
Q5TC63	1	0	0	0	0
P51812	0	1	1	0	0
P27037	0	0	0	0	1
P0DML2	0	0	0	0	1
P0CG32	0	0	0	0	1
P15514	0	0	0	0	1
Q8NFH3	1	0	0	0	0
Q9UK32	0	0	1	0	0
A1L4H1	0	1	0	0	0
P19474	0	1	0	0	0
P84098	1	0	0	0	0
O14975	1	0	0	0	0
Q9Y5J9	1	0	0	0	0
P78352	0	0	1	0	0
Q86UY5	0	0	0	0	1
Q8NEM2	0	0	0	0	1
P52701	0	0	0	1	0
Q99707	0	0	1	0	0
Q8IY49	0	0	1	0	0
P24158	0	1	0	0	0
Q15643	1	0	0	0	0
P18074	0	0	1	1	0
O00635	0	1	0	0	0
Q9NRA1	0	0	1	0	1
P42226	0	0	0	0	1
P15313	0	0	0	0	1
Q9NZ42	0	0	0	0	1
O43181	0	0	1	0	0
Q9UBP5	0	0	1	0	0
Q68D06	0	1	0	0	0
Q8IY21	0	1	0	0	0
Q96AY2	0	0	0	1	0
P62249	1	0	0	0	0
O75558	1	0	0	0	0
O00213	0	0	1	0	0
Q9Y3Q3	1	0	0	0	0
O00206	0	1	0	0	0
Q9NQX7	0	0	1	0	0
Q9GZV7	0	0	1	0	0
Q8TDR0	1	0	0	0	0
P05067	0	1	1	0	0
Q05925	0	0	1	0	0
P49427	0	0	0	1	0
Q15629	1	0	0	0	0
Q9H1B7	0	0	1	0	0
Q86VE9	0	1	0	0	0
Q8N967	0	0	1	0	0
P50570	0	0	1	0	0
P31941	0	1	0	1	0
Q86UR5	0	0	1	0	0
Q92186	0	0	1	0	0
Q05586	0	0	1	0	1
Q9UKG1	1	0	0	0	1
Q7Z2K8	0	0	1	0	0
P51153	1	0	1	0	0
Q96SD1	0	0	0	1	0
Q6ZSG1	0	0	1	0	0
P80162	0	1	0	0	0
P32121	0	0	0	0	1
P43251	0	0	1	0	0
Q9UBB4	0	0	1	0	0
Q9NP87	0	0	0	1	0
P17022	0	0	1	0	0
Q16671	0	0	0	0	1
P62081	1	0	0	0	0
P19404	0	0	1	0	0
Q9P0L2	0	0	1	0	0
Q15306	0	1	0	0	0
Q9H5P4	0	0	1	0	0
Q9BZR9	0	1	0	0	0
Q15185	0	0	0	1	0
Q15054	0	0	0	1	0
P20851	0	1	0	0	0
P12644	0	0	1	0	1
Q9ULW5	1	0	0	0	0
Q96MF7	0	0	0	1	0
O14529	0	0	1	0	0
Q9UL68	0	0	1	0	0
Q99502	0	0	0	1	0
Q86WG5	0	0	1	0	0
P56537	1	0	0	0	0
Q9UM19	0	0	1	0	0
P08069	0	0	0	0	1
O14966	1	1	1	0	0
P46108	0	0	0	0	1
P98155	0	0	1	0	0
O60341	0	0	1	0	0
Q8NBP7	0	0	1	0	0
O60830	1	0	0	0	0
O43815	0	0	1	0	0
Q9NUM4	0	0	1	0	0
O00629	1	0	0	0	0
Q9NXR7	0	0	0	1	0
P06703	0	0	1	0	0
P49840	0	0	1	0	1
Q9UN74	0	0	1	0	0
O43502	0	0	0	1	0
P39905	0	0	1	0	0
P51636	0	0	0	0	1
P04439	0	1	0	0	0
Q5EG05	0	1	0	0	0
P20749	0	1	0	0	0
Q01130	1	0	0	0	0
P52797	0	0	1	0	1
Q8N1W1	0	0	0	0	1
O43379	0	0	1	0	0
Q04741	0	0	1	0	0
Q9NQT8	1	0	1	0	0
Q9UN37	1	0	0	0	0
Q4ADV7	1	0	0	0	0
Q16644	0	1	0	0	1
O95813	0	0	1	0	1
P23468	0	0	1	0	1
P12236	1	0	0	0	0
P23193	0	0	0	1	0
Q99958	0	0	0	0	1
P36269	0	1	0	0	0
Q9BWP8	0	1	0	0	0
P02743	0	1	0	0	0
Q9BUN8	1	0	0	0	0
Q96AH0	0	0	0	1	0
Q9UHI7	0	0	1	0	0
O95639	1	0	0	0	0
Q9Y5A7	0	1	0	0	0
Q8N8S7	0	0	1	0	0
Q02577	0	0	1	0	0
Q9H082	1	0	0	0	0
P55072	1	0	0	1	0
Q9BZM4	0	1	0	0	0
Q9H4M9	1	0	1	0	0
Q00978	0	1	0	0	0
Q8IYF3	0	0	0	1	0
P00751	0	1	0	0	0
Q8NAG6	1	0	0	0	0
O15511	0	0	0	0	1
P19256	0	1	0	0	0
P19957	0	1	0	0	0
Q05655	0	1	0	0	0
P26718	0	1	0	0	0
Q6KC79	0	0	1	1	0
O15056	0	0	1	0	0
Q9H1I8	0	0	0	1	0
Q9NS91	0	0	0	1	0
P49765	0	0	0	0	1
P01903	0	1	0	0	0
Q9P2K9	0	0	1	0	0
Q53G44	0	1	0	0	0
P09341	0	1	1	0	0
Q96S21	1	0	0	0	0
Q9UNT1	1	0	0	0	0
Q05513	0	0	0	0	1
P05164	0	1	0	0	0
Q9H4S2	0	0	1	0	0
Q14142	0	1	0	0	0
P62854	1	0	0	0	0
P29323	0	0	1	0	1
Q8TEA7	1	0	0	0	0
P54845	0	0	1	0	0
Q96B86	0	0	0	0	1
P55316	0	0	1	0	0
Q9Y6N7	0	0	1	0	0
O75636	0	1	0	0	0
P56715	0	0	1	0	0
Q7L2E3	0	0	1	0	0
Q8IY33	0	0	1	0	0
Q96D53	0	0	1	0	0
Q92915	0	0	1	0	0
P02671	0	1	0	0	0
Q8IU54	0	1	0	0	0
P35968	0	0	0	0	1
Q8N6I1	0	0	0	0	1
Q5HYI8	1	0	0	0	0
Q9H244	0	0	1	0	0
Q8N884	0	1	0	0	0
P12931	0	0	1	0	1
P51671	0	1	1	0	0
P55317	0	0	1	0	0
Q4KMP7	1	0	0	0	0
Q8N966	1	0	0	0	0
P12956	0	0	0	1	0
O75094	0	0	1	0	0
Q9HCJ5	0	0	1	0	0
Q86WV6	0	1	0	0	0
Q8IUD6	0	1	0	0	0
Q96T76	0	0	0	1	0
P35249	0	0	0	1	0
P55895	0	0	0	1	0
Q5BIV9	1	0	0	0	0
Q6WRI0	0	0	1	0	0
Q92565	0	0	1	0	0
Q13075	0	0	1	0	0
Q8TDC3	0	0	1	0	0
Q93050	0	0	0	0	1
O14786	0	0	1	0	1
Q33E94	0	0	1	0	0
Q9BXM0	0	0	1	0	0
O15197	0	0	0	0	1
Q13467	0	1	1	0	0
Q13608	1	0	0	0	0
Q96DZ1	1	0	0	0	0
P57073	0	0	1	0	0
P15515	0	1	0	0	0
Q7Z7L1	0	1	0	1	0
P05556	0	0	0	0	1
Q9Y3Z3	0	1	0	1	0
P54802	0	0	1	0	0
Q96NL8	0	0	1	0	0
Q8N7Z5	0	0	0	1	0
Q6IQ26	0	0	1	0	0
P62072	1	0	0	0	0
O14920	0	1	0	0	0
Q9ULP0	0	0	1	0	0
Q9Y466	0	0	1	0	0
O43913	0	0	0	1	0
Q9Y3A6	1	0	0	0	0
Q9HAV7	1	0	0	0	0
Q8NFH8	0	0	0	0	1
Q9ULZ3	0	1	0	0	0
Q53F19	0	1	0	0	0
Q9NW38	0	0	0	1	0
Q9NUL5	0	1	0	0	0
Q9UIJ5	1	0	0	0	0
P26358	0	0	0	1	0
P11586	0	0	1	0	0
Q9NPR2	0	0	1	0	0
Q8NB90	0	0	1	0	0
P52926	0	1	0	1	0
Q99081	0	0	1	0	0
Q9UBK8	0	0	0	1	0
Q9ULZ2	0	1	0	0	1
Q9Y5E4	0	0	1	0	0
Q9UQ16	0	0	1	0	0
O95196	0	0	1	0	0
Q8IUX4	0	1	0	1	0
P19387	0	0	0	1	1
P23771	0	1	1	0	0
Q9H6T0	0	0	0	0	1
Q9NXR1	0	0	1	0	0
P61018	1	0	0	0	0
Q9BTY2	0	1	0	0	0
P17028	0	0	1	0	0
P28482	0	0	1	0	1
Q8TBP0	1	0	0	0	0
P16581	0	1	0	0	0
Q04759	0	0	1	0	0
Q9P2Y5	0	0	0	1	0
Q15700	1	0	0	0	0
P50219	0	0	1	0	0
Q6ISB3	0	0	1	0	0
Q9Y4A0	0	0	1	0	0
Q02246	0	0	1	0	0
Q8TB36	1	0	0	0	0
P29376	0	0	1	0	1
O75962	0	0	0	0	1
O14787	1	0	0	0	0
P01579	0	1	1	0	0
O15527	0	0	0	1	0
P52333	0	0	0	0	1
Q8TF09	1	0	0	0	0
P21246	0	0	1	0	1
Q92905	0	0	0	1	0
O43592	1	0	0	0	0
Q16539	0	1	0	0	1
Q9H0H5	0	0	1	0	0
O43915	0	0	0	0	1
Q14493	1	0	0	0	0
P46063	0	0	0	1	0
P09430	0	0	0	1	0
P22455	0	0	0	0	1
O95295	1	0	1	0	0
O14662	1	0	0	0	0
O00602	0	1	0	0	0
P22079	0	1	0	0	0
P35269	0	1	0	0	1
Q8IWU2	0	0	0	0	1
Q16832	0	0	0	0	1
Q96C10	0	1	0	0	0
Q92753	0	0	1	0	0
Q9H444	1	0	0	0	0
Q8IYB3	1	0	0	0	0
Q9UQB3	0	0	1	0	0
O14976	0	0	1	0	0
Q8WUH2	0	0	0	0	1
Q13094	0	0	0	0	1
P27635	1	0	0	0	0
P35030	0	1	0	0	0
Q96JY0	0	0	0	1	0
P98077	0	0	0	0	1
P23396	1	0	0	1	0
Q5IJ48	0	0	1	0	0
Q13569	0	0	0	1	0
Q8N140	0	0	0	1	0
Q96FV9	1	0	0	1	0
P46779	1	0	0	0	0
Q86VN1	1	0	0	0	0
Q9NS98	0	0	1	0	0
Q14469	0	0	1	0	0
P32881	0	1	0	0	0
P02776	0	1	0	0	0
Q9BRK3	0	0	1	0	0
Q9HB96	0	0	0	1	0
Q9BYX4	0	1	0	0	0
Q02750	0	0	1	0	0
P05387	1	0	0	0	0
O95373	1	0	0	0	0
Q9NRR4	0	1	0	0	0
Q13239	0	0	0	0	1
O00159	1	0	0	0	1
O00487	0	0	0	1	0
P19174	0	0	1	0	1
Q13449	0	0	1	0	0
O94826	1	0	0	0	0
Q8NCM8	1	0	0	0	0
P40617	1	0	0	0	0
Q5SXM8	1	0	0	0	0
P27986	0	0	1	0	1
Q99523	0	0	0	0	1
P55735	1	0	0	0	0
P62877	0	0	0	1	0
Q9BQP7	0	0	0	1	0
P32969	1	0	0	0	0
Q86SG7	0	1	0	0	0
Q9NX38	0	0	1	0	0
Q08426	1	0	0	0	0
O75312	0	0	1	0	0
Q15485	0	1	0	0	0
Q14185	0	0	0	0	1
Q8IUQ4	0	0	1	0	0
P54274	0	0	0	1	0
O95297	0	0	0	0	1
Q86T65	0	0	1	0	0
O60832	0	0	0	1	0
Q9H5K3	0	0	1	0	0
Q9H2A7	0	1	0	0	0
Q02556	0	1	0	0	0
P12755	0	0	1	0	1
Q13241	0	1	0	0	0
Q8NAT2	0	0	0	1	0
P80511	0	1	0	0	0
Q8IVQ6	1	0	0	0	0
Q6PEW1	0	0	0	0	1
Q96A47	0	0	1	0	0
Q9NQZ6	0	0	1	0	0
O95631	0	0	1	0	0
Q5D1E8	0	1	0	0	0
Q8N414	0	0	0	1	0
Q92930	1	0	0	0	0
Q9NPG1	0	0	1	0	0
Q2M2D7	1	0	0	0	0
Q8IWQ3	0	0	1	0	0
Q8N5U6	0	0	1	0	0
A7MD48	0	0	1	0	0
Q9BVA1	0	0	1	0	0
Q9P0K1	0	0	1	0	0
O95025	0	0	1	0	0
P52951	0	0	1	0	0
P08172	0	1	1	0	0
P14555	0	1	0	0	0
O60242	0	0	1	0	0
Q14653	0	1	0	0	0
Q92782	0	0	1	0	0
Q96LA8	0	0	0	1	0
Q9Y624	0	0	0	0	1
Q9NXF8	1	0	0	0	0
Q8TDF6	0	0	0	0	1
Q9BY84	1	0	0	0	0
Q92973	1	0	0	0	0
Q96RI1	0	1	0	0	0
P34932	1	0	0	0	0
O75427	0	0	1	0	0
P49736	0	0	0	1	0
P21549	1	0	0	0	0
Q07020	1	0	0	0	0
O00634	0	0	1	0	0
Q9Y5F0	0	0	1	0	0
P10911	0	0	1	0	0
P12036	0	0	1	0	0
Q8WU20	0	0	1	0	1
P27539	0	0	0	0	1
Q99684	0	1	1	0	0
P58753	0	1	0	0	0
Q969G2	0	0	1	0	0
A6NGG8	0	0	1	0	0
Q14155	0	0	0	0	1
P05090	0	0	1	0	0
P55209	0	0	1	0	0
O95925	0	1	0	0	0
P61966	0	1	0	0	0
Q9ULB1	0	0	1	0	0
Q92538	0	1	0	0	0
Q13129	0	0	0	1	0
O95985	0	0	0	1	0
P61247	1	0	0	0	0
Q86WV5	0	0	0	1	0
P00750	0	0	0	0	1
Q8IV04	1	0	0	0	0
Q5T9L3	1	0	0	0	0
Q7L7L0	0	0	0	1	0
P50552	0	0	1	0	0
O43929	0	0	0	1	0
Q13164	0	0	1	0	0
P62487	0	0	0	1	1
Q8IY18	0	0	0	1	0
P17787	0	0	1	0	0
P62820	1	1	0	0	0
P10145	0	1	0	0	0
P62979	1	0	0	1	1
Q07954	0	0	1	0	0
O60930	0	0	0	1	0
Q6XR72	0	0	0	0	1
Q9NVQ4	0	0	1	0	0
Q04771	0	0	0	0	1
P36894	0	0	0	0	1
O14617	1	0	0	0	0
P15328	0	0	1	0	0
O14514	0	1	1	0	0
P28340	0	0	0	1	0
Q16666	0	1	0	0	0
Q495C1	0	0	0	1	0
Q9UKK3	0	0	0	1	0
O43306	0	0	1	0	0
Q15771	1	0	0	0	0
Q9NRZ9	0	0	0	1	0
P29322	0	0	1	0	1
Q9NXW9	0	0	0	1	0
Q9UBD5	0	0	0	1	0
P17676	0	1	0	0	0
Q96F44	0	1	0	0	0
Q14699	1	0	0	0	0
O95140	1	0	0	0	0
Q969Q4	1	0	0	0	0
Q96S42	0	0	0	0	1
Q6UWN8	0	0	1	0	0
Q92187	0	0	1	0	0
Q9UJW3	0	0	0	1	0
Q5VWK5	0	1	0	0	0
Q9BZY9	0	1	0	0	0
Q9ULR0	0	0	0	1	0
Q9BZH6	1	0	0	0	0
P55085	0	1	0	0	0
Q9NYJ8	0	1	0	0	0
P05412	0	1	0	0	1
Q15363	1	0	0	0	0
Q7Z4Q2	1	0	0	0	0
P01135	0	0	0	0	1
Q53FT3	1	0	0	0	0
O00755	0	0	1	0	0
Q9P0L0	0	0	1	0	0
Q6ZSZ5	0	0	0	0	1
O00187	0	1	0	0	0
Q92823	0	0	1	0	0
Q12983	0	1	0	0	0
Q8IXA5	0	1	0	0	0
Q9P0U1	1	0	0	0	0
Q6ZNA4	0	0	0	1	1
Q92752	0	0	1	0	0
O43283	0	0	1	0	0
Q9NYP3	0	0	0	1	0
Q8N1E2	0	1	0	0	0
Q8NBQ7	1	0	0	0	0
Q14190	0	0	1	0	0
P02751	0	0	1	0	0
P18031	0	0	0	0	1
Q96N66	0	0	1	0	0
O15305	1	0	0	0	0
Q8IYX1	1	0	0	0	0
Q13247	1	0	0	0	0
P78504	0	0	1	0	0
P21145	0	0	1	0	0
Q14691	0	0	0	1	0
Q15431	0	0	0	1	0
Q9NZ71	0	0	0	1	0
Q9NRD1	0	0	0	1	0
Q9GZT4	0	1	0	0	0
P07766	0	0	0	0	1
Q8IZN3	1	0	0	0	0
Q9NRW4	0	0	0	0	1
Q9UBU3	0	0	1	0	0
Q9Y679	1	0	0	0	0
Q8TDG4	0	0	0	1	0
Q2TAP0	1	0	0	0	0
P02461	0	0	1	0	1
Q9UJM8	1	0	0	0	0
Q15646	0	1	0	0	0
O00499	0	0	1	0	0
P49790	1	0	0	0	0
Q14232	0	0	1	0	0
Q7Z570	0	0	1	0	0
Q13308	0	0	1	0	0
Q96RL7	1	0	0	0	0
Q14738	0	0	1	0	0
P30040	1	0	0	0	0
Q86V48	0	0	1	0	0
P04839	0	1	0	0	1
Q8WXC3	0	1	0	0	0
Q9UBU8	0	0	0	1	0
Q15041	1	0	0	0	0
Q9UPM6	0	0	1	0	0
O43752	1	0	0	0	0
Q4G0F5	1	0	0	0	0
Q9NPC3	0	0	0	1	0
P62330	1	0	1	0	0
Q07912	0	0	0	0	1
Q9UPY3	0	0	1	1	0
P08473	0	0	1	0	0
P56945	0	0	0	0	1
Q9NR55	0	1	0	0	0
Q6ZVC0	0	0	1	0	0
Q9NYF0	0	0	1	0	0
P13498	0	1	0	0	1
Q9C0J9	0	0	1	0	0
P78362	0	1	0	0	0
Q14934	0	0	0	0	1
Q00610	1	0	0	0	0
Q53H47	0	0	0	1	0
P42685	0	0	0	0	1
P51684	0	0	0	1	0
P17948	0	0	0	0	1
Q17R89	1	0	1	0	0
Q9P0W0	0	1	0	0	0
Q9BZG2	0	0	1	0	0
Q63HQ2	0	0	1	0	0
P43146	0	0	1	0	0
Q8IWR1	0	1	0	0	0
P52948	1	0	0	0	0
Q04656	0	1	1	0	0
Q15042	0	0	1	0	0
P48740	0	1	0	0	0
Q9NPA8	1	0	0	0	0
P28062	0	1	0	0	0
Q8WTR8	0	0	1	0	0
P46736	0	0	0	1	0
Q9BQA9	0	1	0	0	0
P61513	1	0	0	0	0
O75901	1	0	0	0	0
P00367	0	0	1	0	0
P06756	0	0	0	0	1
Q9C0B6	0	0	1	0	0
Q9Y566	0	0	1	0	0
P16104	0	0	0	1	0
Q16864	0	0	0	0	1
O75593	0	0	0	0	1
Q9BZM5	0	1	0	0	0
Q9H2U1	0	0	1	0	0
P61218	0	0	0	1	1
P35052	0	0	1	0	0
Q9NY12	0	0	0	1	0
P18433	0	0	1	0	0
Q9BXR6	0	1	0	0	0
P23497	0	1	0	1	0
P22090	1	0	0	0	0
Q9NP58	0	0	1	0	0
Q5S007	0	0	1	0	0
Q9UNS1	0	0	0	1	0
P13500	0	1	1	0	0
P54257	1	0	1	0	1
P61960	0	0	1	0	0
Q9BRK5	0	0	1	0	0
Q8IXB3	1	0	0	0	0
Q06141	0	1	0	0	0
P43351	0	0	0	1	0
P01133	0	0	0	0	1
P42081	0	1	0	0	0
Q8IWX8	0	0	1	0	0
Q96QB1	0	0	1	0	0
P33076	0	1	0	0	0
O94772	0	0	1	0	0
Q9UL26	1	0	0	0	0
Q96NR3	0	0	1	0	0
Q5QGS0	0	0	1	0	0
P11142	1	0	0	0	0
Q92698	0	0	0	1	0
Q7Z2Y5	0	0	1	0	0
Q86VQ0	1	0	0	0	0
P42679	0	0	0	0	1
P62753	1	0	0	0	0
Q9C0K7	1	0	0	0	0
Q86VS8	0	0	1	0	0
Q5W0Z9	1	0	0	0	0
P05109	0	1	0	0	0
P61160	0	0	0	0	1
O14511	0	0	0	0	1
Q14997	0	0	0	1	0
Q86US8	1	0	0	1	0
P51946	0	0	0	1	0
O43526	0	0	1	0	0
O75792	0	0	0	1	0
Q93086	0	0	1	0	0
Q15796	0	0	0	0	1
Q9P0Z9	1	0	0	0	0
Q9Y653	0	0	1	0	0
A8K4G0	0	1	0	0	0
Q02575	0	0	1	0	0
Q8N635	0	0	0	1	0
Q99748	0	0	1	0	1
P41743	1	0	1	0	0
Q92673	1	0	1	0	0
P45983	0	1	0	0	0
P52907	0	1	0	0	0
Q9NTI5	0	0	0	1	0
Q14683	0	0	0	1	0
Q15005	1	0	0	0	0
Q86TI0	1	0	0	0	0
O15528	0	1	0	0	0
O14802	0	1	0	0	0
Q9UHJ6	0	1	0	0	0
Q9NY30	0	0	1	0	0
P57740	1	0	0	0	0
P80098	0	1	0	0	0
Q9NR50	0	0	1	0	0
Q9BSD3	0	0	0	1	0
P46821	0	0	1	0	0
Q9NQ66	0	0	1	0	1
Q9BXN2	0	1	0	0	0
Q16612	0	0	1	0	0
Q86WJ1	0	0	0	1	0
Q99747	1	0	0	0	0
Q92547	0	0	0	1	0
Q9NZN1	0	0	1	0	0
P21589	0	0	0	1	0
Q9NZQ0	1	0	0	0	0
Q8WW62	1	0	0	0	0
Q9Y5K1	0	0	0	1	0
P62701	1	0	0	0	0
Q49AH0	0	0	1	0	0
P22303	0	0	1	0	0
Q9UQB8	0	1	1	0	1
Q13620	0	0	0	1	0
Q8NBI3	0	0	1	0	0
P13164	0	1	0	0	0
P05981	0	0	0	0	1
Q30KQ6	0	1	0	0	0
P30876	0	0	0	1	1
Q53GD3	0	0	1	0	0
P21579	0	0	1	0	0
P28472	0	0	1	0	0
O60496	0	0	1	0	0
P49916	0	0	0	1	0
P15848	0	0	1	0	0
Q08648	0	1	0	0	0
Q9Y2T2	1	0	0	0	0
Q9NS61	0	0	1	0	0
Q8NDG6	0	0	0	1	0
Q9Y4H2	0	0	1	0	1
P52294	1	0	0	1	0
P08238	0	0	1	1	0
Q10570	1	0	0	0	0
Q9UEU0	1	0	0	0	0
Q9UKZ4	0	0	1	0	0
P27694	0	0	0	1	0
Q9H2E6	0	0	1	0	0
P20339	1	0	0	0	0
Q9ULV1	0	0	1	0	0
Q14392	0	0	0	0	1
O00501	0	0	0	0	1
O00270	0	1	0	0	0
Q99708	0	0	0	1	0
Q9H4Q4	0	0	1	0	0
Q86XL3	0	0	1	0	0
Q96HZ4	0	0	1	0	0
Q9C0C2	0	0	0	1	0
P98161	1	0	1	0	0
O60229	0	0	1	0	1
P09543	0	0	1	0	0
Q8NAT1	0	0	1	0	0
Q8TE85	0	0	1	0	0
Q9NP60	0	0	1	0	0
P09884	0	0	0	1	0
P54760	0	0	0	0	1
P60484	0	0	1	0	0
Q99853	0	0	1	0	0
Q9NSC5	1	0	0	0	0
P08670	0	1	0	0	0
P61981	0	0	1	0	0
P51843	0	0	1	0	0
Q9NQV8	0	0	1	0	0
Q17RS7	0	0	0	1	0
Q9UJ83	1	0	0	0	0
P61296	0	0	1	0	0
Q9NYB9	0	0	1	0	0
P09603	0	0	1	0	1
Q9NR96	0	1	0	0	0
Q14566	0	0	0	1	0
Q8WWG1	0	0	0	0	1
Q86YW5	0	1	0	0	0
O95185	0	0	1	0	0
P46379	0	0	1	0	0
Q9Y6Y8	1	0	0	0	0
Q8WXX7	0	0	1	0	0
P98177	0	0	0	0	1
Q04206	0	1	0	0	0
P48436	0	0	1	0	1
Q06710	0	0	1	0	0
P36406	1	0	0	0	0
P55060	1	0	0	0	0
P49279	0	1	0	0	0
P18509	0	0	1	0	0
P51692	0	0	0	0	1
P26992	0	0	1	0	0
Q96MS0	0	0	1	0	0
P08476	0	0	1	0	1
P62987	1	0	0	1	1
Q8NG08	0	0	0	1	0
Q96SZ6	0	0	1	0	0
Q86Z14	0	0	0	0	1
Q5EBL8	0	1	0	0	0
Q2M385	0	1	0	0	0
P18825	0	0	1	0	0
O00273	0	0	0	1	0
A6NDB9	0	1	0	0	0
Q13158	0	1	0	0	0
O14980	1	0	0	0	0
Q92574	1	0	0	0	0
Q9Y5E3	0	0	1	0	0
P25116	0	1	0	0	0
P41271	0	0	1	0	0
P04062	0	0	1	0	0
Q9H3T2	0	0	1	0	0
Q8IZD0	0	0	1	0	0
Q86U44	0	0	1	0	0
O75489	0	0	1	0	0
Q6GPH4	0	1	0	0	0
Q99627	0	0	0	1	0
P05106	0	0	0	0	1
P40692	0	0	0	1	0
P04054	0	1	0	0	0
Q9NV35	0	0	0	1	0
P60022	0	1	0	0	0
Q5T0W9	0	0	0	0	1
O95405	0	0	0	0	1
P38935	0	0	0	1	0
Q13464	0	0	1	0	1
P10809	1	0	0	1	0
P23025	0	0	0	1	0
Q9ULJ8	0	0	1	0	0
O00214	0	1	0	0	0
P51693	0	0	1	0	0
P17252	0	0	1	0	1
Q08722	0	1	0	0	0
Q9NQW1	1	0	0	0	0
Q6UXZ4	0	0	1	0	0
P36578	1	0	0	0	0
P46934	1	0	1	0	0
Q9H1V8	0	0	1	0	0
Q9Y2T1	0	0	0	1	0
P61201	0	0	0	1	0
Q9NYQ6	0	0	1	0	0
Q8TC07	1	0	0	0	0
Q13530	0	1	0	0	0
P09874	0	0	0	1	0
P47755	0	1	0	0	0
Q8TE12	0	0	1	0	0
P43490	0	0	0	0	1
P50613	0	0	0	1	0
Q9Y261	0	0	1	0	0
P12838	0	1	0	0	0
Q9UL45	0	0	1	0	0
Q9UBZ4	0	0	0	1	0
Q9NVH0	0	0	0	1	0
Q92833	0	0	1	0	0
Q9H334	0	1	0	0	0
P11387	0	0	0	1	0
P61204	1	0	0	0	0
Q96DX8	1	1	0	0	0
P11161	1	0	1	0	0
Q9Y5I2	0	0	1	0	0
Q92878	0	0	0	1	0
Q9H461	0	0	1	0	0
P62736	0	1	0	0	0
Q13387	0	0	1	0	0
P07948	0	1	1	0	1
P12643	0	0	1	0	1
P59998	0	0	0	0	1
P49354	0	0	0	0	1
O75521	1	0	0	0	0
O75503	0	0	1	0	0
O60315	0	0	1	0	0
P14373	0	1	0	0	0
Q6IQ32	0	0	1	0	0
Q9P1Y5	1	0	0	0	0
P29590	0	1	0	0	0
Q15303	0	0	1	0	0
Q6IMN6	0	0	1	0	0
P61073	0	1	1	0	0
P08575	0	1	0	0	0
Q01974	0	0	1	0	1
O75436	1	0	0	0	0
Q92624	1	0	0	0	0
Q92956	0	1	0	0	0
Q9H7M6	0	0	1	0	0
P23515	0	0	1	0	0
Q9Y512	1	0	0	0	0
Q6NW34	0	0	1	0	0
Q9UMS4	0	0	0	1	0
P01730	0	0	0	0	1
Q8IWU6	0	0	1	0	1
Q8NFU7	0	0	0	1	0
Q9BZE0	0	0	1	0	0
Q9UBV2	1	0	0	0	0
O15144	0	0	0	0	1
P46459	1	0	0	0	0
Q9Y5R2	0	0	1	0	0
Q9Y5L0	1	0	0	0	0
O95294	0	0	1	0	0
Q8TEM1	1	0	0	0	0
Q6NS38	0	0	0	1	0
Q96BK5	0	0	0	1	0
Q96JP9	0	0	1	0	0
Q9NSC2	0	0	1	0	0
Q14194	0	0	1	0	0
Q14162	0	0	1	0	0
P49639	0	0	1	0	0
Q9Y6A2	0	0	1	0	0
Q9BXT4	0	0	0	1	0
O60318	1	0	0	0	0
Q9H9T3	0	0	1	0	0
Q9BY49	1	0	0	0	0
P08311	0	1	0	0	0
O43765	1	0	0	0	0
Q9UK23	1	0	0	0	0
Q9NP31	0	0	0	0	1
Q9NYK6	0	0	1	0	0
P62166	0	0	1	0	0
Q9GZP1	0	0	1	0	0
Q9Y2K7	0	0	0	1	0
O75553	0	0	1	0	0
Q6ZMH5	0	0	0	0	1
P82979	1	0	0	0	0
P48539	0	0	1	0	0
Q8WV28	0	0	0	0	1
Q16623	1	0	0	0	0
Q14397	1	0	0	0	0
Q99972	0	0	1	0	1
Q02962	0	0	1	0	0
Q99616	0	1	0	0	0
Q8WWH4	0	0	0	1	0
Q96A65	1	0	0	0	0
Q9Y3C8	0	0	1	0	0
Q9BVK6	1	0	0	0	0
Q9HCE1	0	1	1	0	0
P49137	0	1	0	0	1
P26441	0	0	1	0	0
Q9H2M9	1	0	0	0	0
Q13432	0	0	1	0	0
Q9Y5H8	0	0	1	0	0
Q53GL7	0	0	0	1	0
P61923	1	0	0	0	0
P51530	0	0	0	1	0
Q6UX98	1	0	0	0	0
Q04118	0	1	0	0	0
Q06418	0	0	1	0	1
Q6N021	0	0	0	1	0
Q9P2I0	1	0	0	0	0
Q9Y6K5	0	1	0	0	0
Q9H0F7	1	0	0	0	0
Q9HCG7	0	0	1	0	0
O60258	0	0	1	0	1
P0CG48	1	0	0	1	1
P10415	0	1	0	0	0
Q96QU8	1	0	0	0	0
Q14116	0	1	0	0	0
Q99963	0	0	1	0	0
Q8NFZ4	0	0	1	0	0
Q99437	0	0	0	0	1
Q9Y2L5	1	0	0	0	0
Q9NQ87	0	0	1	0	0
Q9UHV5	0	0	1	0	0
Q8NHM5	0	0	1	0	0
Q9BY11	0	0	1	0	0
Q8N1H7	0	0	0	1	0
O00712	0	0	1	0	0
Q92738	1	0	0	0	0
P41225	0	0	1	0	0
Q96T60	0	0	0	1	0
Q9HCN6	0	0	0	0	1
O14933	0	0	0	1	0
Q7Z4W2	0	1	0	0	0
Q6V0I7	0	0	1	0	0
P14415	0	0	1	0	0
P40937	0	0	0	1	0
P24928	0	0	0	1	1
P62807	0	1	0	0	0
Q969S2	0	0	0	1	0
P01833	0	0	0	0	1
P51451	0	0	0	0	1
Q86UD7	1	0	0	0	0
Q12866	0	0	1	0	1
P29474	0	1	0	0	0
P17405	0	0	1	0	0
Q9BXS9	0	1	0	0	0
P14316	0	1	0	0	0
Q8IYP9	1	0	0	0	0
Q9NZ52	1	0	0	0	0
Q8IW19	0	0	0	1	0
Q9H9P2	0	0	1	0	0
P34913	1	0	0	0	0
P01375	0	1	1	0	0
Q9H9H4	1	0	0	0	0
Q9H2C1	0	0	1	0	0
Q86XR7	1	1	0	0	0
Q86U70	0	0	1	0	0
P62241	1	0	0	0	0
Q9NUX5	0	0	0	1	0
P05026	1	0	0	0	0
P49643	0	0	0	1	0
Q9Y4C0	0	0	1	0	0
P41221	0	1	1	0	0
P14598	1	1	0	0	1
P17813	0	0	1	0	1
P12429	0	1	0	0	0
Q9NZJ7	0	0	1	0	0
Q9Y5F1	0	0	1	0	0
Q9NR61	0	0	1	0	0
P52298	1	0	0	0	1
O95365	0	0	0	1	0
Q9Y2T3	0	0	1	0	0
P33992	0	0	0	1	0
Q9Y2Y6	0	0	1	0	0
O00548	0	0	1	0	0
Q9P267	0	0	1	0	0
Q9GZR2	0	0	0	1	0
Q12913	0	0	0	0	1
P63220	1	0	0	0	0
P48444	1	0	0	0	0
P01236	0	0	0	0	1
O00194	1	0	0	0	0
O14964	1	0	0	0	0
Q9NTN9	0	0	1	0	0
P11277	0	0	1	0	0
Q7Z7B7	0	1	0	0	0
O95754	0	0	1	0	0
Q13740	0	0	1	0	0
Q01081	1	0	0	0	0
Q3ZCQ8	1	0	0	0	0
O60306	0	0	0	1	0
P01570	0	1	0	0	0
O75419	0	0	0	1	0
P51659	1	0	0	0	0
O95343	0	0	1	0	0
P56179	0	0	1	0	0
Q9P2X3	0	0	1	0	0
P01024	0	1	1	0	0
Q53H12	1	0	0	0	0
P62834	0	0	1	0	0
Q96JB5	0	0	1	0	0
O00488	1	0	0	0	0
Q8IWV2	0	0	1	0	0
O75084	0	0	1	0	0
P18859	0	0	1	0	0
Q92633	0	0	1	0	0
P15428	0	0	0	0	1
Q4FZB7	0	0	0	1	0
O15162	0	1	0	0	0
Q9BXC9	0	0	1	0	0
Q6PML9	0	0	0	1	0
O60353	0	0	1	0	0
P07305	0	0	0	1	0
P15927	0	0	0	1	0
Q8IYB8	0	0	0	1	0
Q8NEZ2	1	0	0	0	0
Q16760	0	0	0	0	1
P46776	1	0	0	0	0
P05014	0	1	0	0	0
Q13177	0	0	0	0	1
P56178	0	0	1	0	1
Q9P299	1	0	0	0	0
P25054	0	0	0	0	1
Q9UIW0	0	0	1	0	0
Q9H0T7	1	0	1	0	0
Q13216	0	0	0	1	0
Q5JVL4	0	0	1	0	0
Q9H190	0	0	1	0	0
Q96H20	1	0	0	0	0
P54764	0	0	1	0	1
Q9UPR3	1	0	0	1	0
P24522	0	0	0	1	0
P31327	0	1	0	0	0
Q13191	1	0	0	0	0
Q9UI10	0	0	1	0	0
Q9H2X0	0	0	1	0	1
Q9NRS6	1	0	0	0	0
Q9GZM8	0	0	1	0	0
O14578	0	0	1	0	0
O94955	0	0	1	0	0
O94761	0	0	0	1	0
Q7L590	0	0	0	1	0
O15031	0	0	1	0	0
Q13049	0	1	1	0	0
A8MXV4	1	0	0	0	0
Q9HBZ2	0	0	1	0	0
Q6UXI7	0	0	1	0	0
Q9H790	0	0	0	1	0
P83731	1	0	0	0	0
Q99797	1	0	0	0	0
Q9Y4D2	0	0	1	0	0
Q9Y219	0	0	1	0	0
P29320	0	0	1	0	1
Q6ZMC9	0	1	0	0	0
P50052	0	0	1	0	0
P31943	0	0	0	0	1
Q9NR56	0	0	1	0	0
Q9BVV7	1	0	0	0	0
Q8WUJ0	1	0	0	0	0
Q9P1W9	0	1	0	0	0
Q01085	0	0	0	0	1
Q9UBY8	0	0	1	0	0
P12270	1	0	0	0	0
P78509	0	0	1	0	0
Q9H2T7	1	0	0	0	0
Q14994	0	1	0	0	0
Q9H1B4	1	0	0	0	0
Q3T906	1	0	0	0	0
O60238	0	1	0	0	0
Q8NA29	0	0	1	0	0
Q9C0C4	0	0	1	0	0
Q8WVD3	0	0	0	1	0
P00533	0	0	0	0	1
Q15468	0	0	1	0	0
Q9NR97	0	1	0	0	0
Q30201	0	0	0	0	1
Q13011	1	0	0	0	0
A6NIH7	0	0	1	0	0
Q9BQA5	0	0	0	1	0
Q9NY99	0	0	1	0	0
Q99453	0	0	1	0	0
P52803	0	0	1	0	1
Q5VVX9	0	0	0	1	0
Q01726	0	0	0	1	0
O75366	0	0	1	0	0
P05000	0	1	0	0	0
Q9Y487	0	0	0	0	1
P17181	0	1	0	0	0
P35228	1	1	0	0	0
Q9NUW8	0	0	0	1	0
Q86SQ7	0	0	1	0	0
O43427	0	0	0	0	1
Q9P2K5	0	0	1	0	0
Q12769	1	0	0	0	0
Q06787	0	1	1	0	0
Q7Z6J0	0	0	1	0	0
Q96NW7	1	0	1	0	0
Q5TCY1	0	0	1	0	0
Q0VG06	0	0	0	1	0
P04233	1	0	0	0	0
P22749	0	1	0	0	0
P02538	0	1	0	0	0
Q8TAX7	0	1	0	0	0
P20916	0	0	1	0	0
P29353	0	1	1	0	1
Q13888	0	0	0	1	0
Q13133	0	1	0	0	0
P56177	0	0	1	0	0
Q99622	0	0	1	0	0
Q8TAG6	0	0	1	0	0
O75840	0	0	1	0	0
Q86SQ4	0	0	1	0	0
P84077	1	1	0	0	0
O76094	1	0	0	0	0
P26599	0	0	0	0	1
P10114	0	0	1	0	0
O75694	1	0	0	0	0
Q02790	0	0	1	0	0
O00182	0	1	0	0	0
Q5EBL4	1	0	0	0	0
O14813	0	0	1	0	0
Q9NRC6	0	0	1	0	0
Q9Y4Z2	0	0	1	0	0
Q07955	1	0	0	0	0
O95751	0	1	0	0	0
P49642	0	0	0	1	0
Q01973	0	0	1	0	1
Q9NQT4	0	1	0	1	0
P17677	0	0	1	0	0
Q9BRT6	0	0	1	0	0
P51878	0	0	1	0	0
Q9NZU0	0	0	1	0	1
P68402	0	0	1	0	0
Q9Y248	0	0	0	1	0
Q9Y6H3	0	0	0	1	0
Q92529	0	0	1	0	1
O00311	0	0	0	1	0
Q8IU57	0	1	0	0	0
Q9Y3I1	1	0	1	0	0
Q9P2E2	1	0	0	0	0
P47914	1	0	0	0	0
Q9HBX8	0	0	1	0	0
P00734	0	1	1	0	0
Q7Z698	0	0	0	0	1
P61009	1	0	0	0	0
Q9HAU4	0	0	0	0	1
Q08170	1	0	0	0	0
Q8IZP0	0	0	0	0	1
Q8IWJ2	1	0	0	0	0
Q13283	0	1	0	0	0
P48643	0	1	0	0	0
Q6QNY1	0	0	1	0	0
Q92769	0	0	1	0	0
Q15546	0	0	1	0	0
P38606	0	0	0	0	1
Q9HAU5	1	0	0	0	0
Q13426	0	0	0	1	0
Q9HBG6	1	0	1	0	0
P51648	0	0	1	0	0
Q9UPX6	0	0	1	0	0
Q9NU19	1	0	0	0	0
Q9H0M0	0	0	1	0	0
Q9C0B1	0	0	0	1	0
Q00535	0	0	1	0	0
Q6PCD5	0	0	0	1	0
Q9NS37	0	1	0	0	0
P06307	0	0	1	0	0
P84103	1	0	0	0	0
Q13332	0	0	1	0	0
Q9UQ84	0	0	0	1	0
Q9UBD9	0	0	1	0	0
Q9NQ38	0	0	1	0	0
P01906	0	1	0	0	0
P63261	0	0	0	0	1
Q13686	0	0	0	1	0
Q8N4P2	1	0	0	0	0
Q49A88	0	0	1	0	0
P61011	1	0	0	0	0
P62875	0	0	0	1	1
Q9NPG4	0	0	1	0	0
O75385	0	0	1	0	0
Q86UN3	0	0	1	0	0
P25787	0	1	0	0	0
Q9NU63	0	0	0	1	0
Q9NYQ3	1	0	0	0	0
Q86U42	1	1	0	0	0
P40763	1	0	1	0	1
P39880	0	0	1	0	0
Q92499	0	0	0	1	0
O43155	0	0	0	0	1
P12724	0	1	0	0	0
P58012	0	0	0	1	0
Q9ULL4	0	0	1	0	0
Q9P202	0	0	1	0	0
Q9Y2C9	0	1	0	0	0
Q96PP9	0	1	0	0	0
P22307	1	0	0	0	0
P28715	0	0	0	1	0
Q14678	0	0	1	0	0
Q9Y5E8	0	0	1	0	0
Q9UL58	0	0	1	0	0
Q96DR5	0	1	0	0	0
Q86TC9	0	0	1	0	0
P20309	0	0	1	0	0
Q01453	0	0	1	0	0
P21675	0	0	1	0	0
Q9P217	0	0	1	0	0
Q13009	0	0	1	0	1
P10909	1	1	1	0	0
Q9UIA9	1	0	0	0	0
Q2YD98	0	0	0	1	0
P54277	0	0	0	1	0
P06730	1	0	0	0	0
Q5R372	1	0	0	0	0
Q6ZP65	0	0	1	0	0
Q6NSI3	1	0	0	0	0
Q96A72	1	0	0	0	0
O75093	0	0	1	0	0
Q9HB63	0	0	1	0	0
Q9UL54	1	0	1	0	0
P61026	1	0	1	0	0
P34741	0	0	1	0	1
O00294	0	0	1	0	0
Q12879	0	0	1	0	0
P52630	0	1	0	0	0
P00374	0	0	1	0	0
Q9NYF3	1	0	0	0	0
P04818	0	0	0	1	0
Q9Y2G9	0	1	0	0	0
Q9HAV4	1	0	0	0	0
P19622	0	0	1	0	0
Q9NS56	0	0	1	0	0
Q9Y2G1	0	0	1	0	0
P28370	0	0	1	0	0
O15234	1	0	0	0	0
P61221	1	1	0	0	0
Q6IBS0	0	0	1	0	0
Q92993	0	0	0	1	0
P24723	0	0	1	0	0
O60902	0	0	1	0	0
Q9NX46	0	0	0	1	0
O15123	0	0	0	0	1
P08865	1	0	0	0	0
P56282	0	0	0	1	0
Q9Y587	1	0	0	0	0
Q8NFH4	1	0	0	0	0
Q9BXI6	1	0	0	0	0
Q9Y6B6	1	0	0	0	0
P25490	0	0	0	1	0
Q9GZZ7	0	0	1	0	0
P25189	0	0	1	0	0
P19447	0	0	1	1	0
Q9NVG8	1	0	0	0	0
Q04721	0	0	1	0	0
O60481	0	0	1	0	0
O43766	0	1	0	0	0
Q9UPP1	0	0	1	0	0
Q9Y2D8	1	0	0	0	0
Q9C019	0	1	0	0	0
Q8IWV8	0	0	0	1	0
P26651	0	1	0	0	0
P41208	0	0	0	1	0
P07550	0	0	0	0	1
Q15058	0	0	1	0	0
Q13330	0	0	0	1	0
Q9NZM5	0	0	0	1	0
Q7L5N1	0	0	0	1	0
P47928	0	0	1	0	0
O15143	0	0	0	0	1
Q13322	0	0	1	0	1
Q9H7T9	0	0	0	1	0
P62857	1	0	0	0	0
P00748	0	1	0	0	0
Q9H9Q2	0	0	0	1	0
P12645	0	0	0	0	1
Q13627	0	0	1	0	0
P98164	0	0	1	0	0
O43914	0	1	1	0	0
O60890	0	0	1	0	0
Q14767	1	0	0	0	1
Q14684	0	1	0	0	0
Q9UJU6	0	0	1	0	0
Q8IZN7	0	1	0	0	0
P62277	1	0	0	0	0
Q99742	0	0	1	0	0
Q9H7L9	0	0	1	0	0
Q9UN67	0	0	1	0	0
O15014	0	0	1	0	0
Q86YS6	1	0	0	0	0
P17275	0	1	0	0	0
O75326	0	0	1	0	0
Q9BZI7	1	0	0	0	0
P25205	0	0	0	1	0
P14222	0	1	0	0	0
O60684	1	0	0	0	0
O14791	0	1	0	0	0
O60725	1	0	0	0	0
Q9H706	0	0	0	0	1
Q96FA3	0	1	0	0	0
O00141	0	0	1	0	0
Q9UPQ4	0	1	0	0	0
Q9Y5E5	0	0	1	0	0
Q96B01	0	0	0	1	0
Q96RU8	0	1	0	0	0
P29728	0	1	0	0	0
P43378	0	0	1	0	0
O95861	0	0	1	0	0
P01130	0	0	1	0	0
Q7Z3B4	1	0	0	0	0
Q12846	1	0	0	0	0
P62861	1	1	0	0	0
Q9UJY5	1	0	0	0	0
Q9UF56	0	0	1	0	0
Q9BZR6	0	0	1	0	0
P98172	0	0	1	0	1
P48167	0	0	1	0	0
Q99574	0	0	1	0	0
P35240	0	0	1	0	0
Q13263	0	1	0	1	0
O43299	0	0	0	1	0
Q9Y620	0	0	0	1	0
Q86UB2	0	0	0	1	0
Q6P4F1	1	0	1	0	0
Q9Y6Q5	1	0	0	0	0
O43933	1	0	0	0	0
P56524	0	0	1	0	0
P23229	0	0	1	0	0
Q02410	1	0	1	0	0
O95822	1	0	0	0	0
Q8WWZ1	0	1	0	0	0
O43426	0	0	1	0	0
P05114	0	0	0	1	0
Q9UNA4	0	0	0	1	0
Q9BYW3	0	1	0	0	0
Q96NB3	0	0	0	1	0
Q96AX2	1	0	0	0	0
Q96FI4	0	0	0	1	0
Q9H3S1	0	0	1	0	0
P30542	0	0	1	0	0
P42574	0	0	1	1	1
Q96EE3	1	0	0	0	0
Q13224	0	0	1	0	1
O75072	0	0	1	0	0
P21860	0	0	1	0	1
Q8IYD8	0	0	0	1	0
P54922	1	0	0	0	0
Q86WG3	0	0	1	0	0
Q53HV7	0	0	0	1	0
Q8WXE1	0	0	0	1	0
Q92569	0	0	0	0	1
P51159	1	0	0	0	0
P98160	0	0	1	0	0
P16112	0	0	1	0	0
Q9NPE2	0	0	1	0	0
O75943	0	0	0	1	0
Q3KP66	0	1	0	0	0
Q96T58	0	0	1	0	0
O14793	0	0	0	0	1
Q9Y4E8	0	0	0	0	1
Q9UNK0	1	0	0	0	0
P49763	0	0	0	0	1
Q9NPJ8	1	0	0	0	0
O15111	0	1	0	0	0
Q9ULC3	1	0	0	0	0
O43147	1	0	0	0	0
O15360	0	0	0	1	0
Q96LB8	0	1	0	0	0
Q9Y252	0	0	1	0	0
Q9UMR2	1	0	0	0	0
P40305	0	1	0	0	0
P31645	0	0	1	0	0
Q15554	0	0	0	1	0
Q05209	0	0	0	0	1
Q04917	1	0	1	0	0
P01909	0	1	0	0	0
Q8TEY7	0	0	1	0	0
O43927	0	1	0	0	0
Q9BWT6	0	0	0	1	0
Q96L93	0	0	0	0	1
P19388	0	0	0	1	1
O15041	0	0	1	0	0
P61619	1	0	0	0	0
Q9UQC2	0	0	1	0	0
O75509	0	0	1	0	0
P41214	1	0	0	0	0
Q9GZX7	0	1	0	1	0
Q15050	1	0	0	0	0
P29274	0	0	1	0	0
Q8N8Q8	1	0	0	0	0
P60709	0	0	1	0	1
Q03468	0	0	1	1	0
P06748	1	0	0	1	0
Q6PCB8	0	0	1	0	0
Q8TDX6	0	0	1	0	0
Q99638	0	0	0	1	0
P50453	0	1	0	0	0
O60359	1	0	0	0	0
Q7Z4S9	0	0	0	0	1
Q9UPM8	1	0	0	0	0
Q9NUN7	0	0	1	0	0
Q16739	0	0	1	0	0
Q14957	0	0	1	0	0
Q9UIW2	0	0	1	0	0
Q8N4G2	1	0	0	0	0
Q15256	0	0	0	0	1
P59025	1	0	0	0	0
P53367	1	0	0	0	0
Q15648	0	0	1	0	0
O60858	0	1	0	0	0
Q8NHE4	0	0	0	0	1
Q9Y2F9	0	0	1	0	0
Q9UBB9	0	0	0	1	0
P57764	0	1	0	0	0
Q9ULL8	0	0	1	0	0
Q96RT1	0	1	0	0	1
P80188	0	1	0	0	0
Q9HCC6	0	0	1	0	0
A6ND36	0	0	0	0	1
Q9NZH7	0	1	0	0	0
O15254	1	0	0	0	0
Q9Y4W6	0	0	1	0	0
Q9NR23	0	0	0	0	1
P23560	0	0	1	0	1
P05451	0	1	0	0	0
Q10589	0	1	0	0	0
O00116	1	0	0	0	0
Q8IYM9	0	1	0	0	0
Q9NRD5	1	0	1	1	0
Q9Y6W5	0	0	0	0	1
Q9UKJ0	0	0	0	0	1
P63010	0	0	0	0	1
P40429	1	1	0	0	0
P52952	0	0	1	0	0
Q9H5L6	0	0	0	1	0
Q02297	0	0	1	0	1
Q9BQ15	0	0	0	1	0
P36543	0	0	0	0	1
Q96MT3	1	0	1	0	0
Q9C035	0	1	0	0	0
P08779	0	1	0	0	0
A6QL63	0	0	0	0	1
Q12899	0	1	0	0	0
P09913	0	1	0	0	0
P08887	0	1	0	0	0
P49116	0	0	1	0	0
O15409	0	0	1	0	0
Q05086	0	0	1	0	0
Q86UT5	0	0	0	0	1
O15013	0	0	1	0	0
P37231	0	1	0	0	0
Q8WY64	0	0	1	0	0
Q07325	0	1	0	0	0
O94915	0	0	1	0	0
Q86UL8	0	0	1	0	1
Q9Y5I3	0	0	1	0	0
Q92889	0	0	0	1	0
P50897	0	0	1	0	0
P10645	0	1	0	0	0
Q13573	0	0	1	0	0
Q9NYK1	0	1	0	0	0
Q9UN73	0	0	1	0	0
Q9H816	0	0	0	1	0
P38919	1	0	0	0	0
Q8N0V5	0	0	0	0	1
O15553	0	1	0	0	0
P08620	0	0	0	0	1
Q9NUY8	0	0	1	0	0
P0C2W1	0	0	1	0	0
Q12778	0	0	0	0	1
Q16288	0	0	1	0	1
P30048	0	1	0	0	0
P36776	0	0	0	1	0
Q92874	0	0	0	1	0
Q8IUH3	0	0	1	0	0
Q86W26	0	1	0	0	0
Q5KU26	0	1	0	0	0
O14782	1	0	0	0	0
Q9UBB6	0	0	1	0	0
P02795	0	1	0	0	0
Q01101	0	0	1	0	0
Q9C000	0	1	0	0	0
Q12948	0	0	1	0	1
P49810	0	0	0	0	1
Q13488	0	0	0	0	1
P54132	0	0	0	1	0
O95970	0	0	1	0	0
Q13635	0	0	1	0	0
Q96NZ1	0	0	1	0	0
Q15334	0	0	1	0	0
Q92914	0	0	1	0	0
Q96JJ3	0	0	0	0	1
Q05193	0	0	0	0	1
O76039	0	0	1	0	0
Q15327	0	1	0	0	0
Q08174	0	0	1	0	0
Q8TCB0	0	1	0	0	0
Q13275	0	0	1	0	0
P20036	0	1	0	0	0
Q14524	0	0	1	0	0
Q9NZ94	0	0	1	0	0
Q96QC0	1	0	0	0	0
P17213	0	1	0	0	0
Q8TDL5	0	1	0	0	0
Q14114	0	0	1	0	0
P37023	0	0	0	0	1
Q9BUJ2	0	1	0	0	0
P58400	0	0	1	0	0
P22626	1	0	0	0	0
P21802	0	0	1	0	1
P54756	0	0	1	0	1
P04053	0	0	0	1	0
P78406	1	0	0	0	0
Q99578	0	0	1	0	0
Q96S55	0	0	0	1	0
P54278	0	0	0	1	0
Q9NQ69	0	0	1	0	0
Q9UBC3	0	0	0	1	0
P08581	0	0	1	0	1
Q9Y5X2	1	0	0	0	0
Q9Y2M0	0	0	0	1	0
Q8IWU5	0	0	1	0	1
Q9NWZ3	0	1	0	0	0
O14594	0	0	1	0	0
P13284	0	1	0	0	0
P09769	0	1	0	0	1
Q3V6T2	0	0	1	0	0
Q9BPZ7	0	0	1	0	0
Q32P28	0	0	1	0	0
Q92759	0	0	0	1	0
P23435	0	0	1	0	0
Q9BWK5	0	0	0	1	0
Q13557	0	1	0	0	0
O75569	0	1	0	0	0
Q99504	0	0	0	1	0
Q7LC44	0	0	1	0	0
Q99594	0	0	1	0	0
Q9P242	0	0	1	0	0
P17535	0	1	0	0	0
Q9UKK6	1	0	0	0	0
Q96JT2	0	0	1	0	0
Q06187	0	1	0	0	0
Q96N03	0	0	1	0	0
P11487	0	0	0	0	1
Q32ZL2	0	0	1	0	0
P33176	1	0	1	0	0
P49768	0	0	1	0	1
Q92563	0	0	1	0	0
Q9UMX6	0	0	0	0	1
P54098	0	0	0	1	0
Q8N9N2	0	0	0	1	0
P08572	0	0	0	0	1
P21730	0	0	1	0	0
Q6UXK2	0	0	1	0	0
P36888	0	0	0	0	1
P49767	0	0	0	0	1
Q9UK39	0	1	0	0	0
P46782	1	0	0	0	0
Q96LB9	0	1	0	0	0
Q13637	1	0	0	0	0
Q96SB8	0	0	0	1	0
P48681	0	0	1	0	0
Q8N9S9	1	0	0	0	0
O15400	1	0	0	0	0
P10144	0	1	0	0	0
O95759	1	0	0	0	0
P0C0E4	1	0	0	0	0
P61371	0	0	1	0	0
Q9UHK6	1	0	0	0	0
P51148	1	0	0	0	0
P20592	0	1	0	0	0
Q16620	0	0	1	0	1
Q8TAA5	1	0	0	0	0
P42338	0	0	1	0	1
P62826	1	0	0	1	0
Q9Y6E0	0	0	1	0	0
Q96MU7	1	0	0	0	0
Q13480	0	0	1	0	1
P52594	1	0	0	0	0
Q96LB3	1	0	0	0	0
Q96C90	0	1	0	0	0
Q9UG01	1	0	0	0	0
O00148	1	0	0	0	0
Q12837	0	0	1	0	0
Q15904	0	0	0	0	1
Q9Y6N9	0	0	1	0	0
P38398	0	0	0	1	0
Q96AP0	1	0	0	1	0
P61970	1	0	0	0	0
Q99967	0	0	0	0	1
Q6PD62	0	1	0	0	0
Q9Y616	0	1	0	0	0
Q8TEW6	0	0	1	0	0
O14653	1	0	0	0	0
Q99489	1	0	0	0	0
P29317	0	0	1	0	1
P07093	0	0	1	0	0
O95391	1	0	0	0	0
O96019	0	0	1	0	0
Q9BQQ7	1	0	0	0	0
O60443	0	1	0	0	0
P24530	0	0	1	0	0
O14508	0	0	0	0	1
P40616	1	0	0	0	0
O00329	0	1	1	0	0
Q8N9L1	0	0	1	0	0
Q9UL15	0	0	1	0	0
P14735	1	0	0	0	1
Q6IQ55	0	0	1	0	0
O75417	0	0	0	1	0
Q14032	1	0	0	0	0
Q9NZC9	0	0	0	1	0
Q99962	0	0	1	0	0
O00459	0	0	0	0	1
O00170	1	0	0	0	0
O00505	1	0	0	0	0
Q96L34	0	0	1	0	0
Q9Y6A5	0	0	1	0	0
Q12794	0	1	0	0	0
O00255	0	0	0	1	0
Q9HBL6	0	0	1	0	0
P21781	0	0	0	0	1
Q8TF42	0	0	0	0	1
O00623	1	0	0	0	0
Q9UPU7	1	0	0	0	0
P23528	0	1	1	0	0
Q99952	0	0	0	0	1
Q13156	0	0	0	1	0
P53801	1	0	0	0	0
Q6PI77	0	0	1	0	0
P49910	0	0	1	0	0
Q07687	0	0	1	0	0
Q9UL62	0	0	1	0	0
Q9NUH8	0	0	1	0	0
O15397	1	0	0	0	0
P55075	0	0	1	0	1
P20338	1	0	0	0	0
Q9UHH9	0	1	0	0	0
P56705	0	0	1	0	0
Q13416	0	0	0	1	0
P16234	0	0	0	0	1
Q9H4Z2	0	0	1	0	0
Q9H158	0	0	1	0	0
Q13705	0	0	0	0	1
Q9H8X9	1	0	0	0	0
Q13309	0	1	0	0	0
Q9NQC7	0	1	0	0	0
Q13438	1	0	0	0	0
P32856	1	0	0	0	0
O60931	0	0	1	0	0
Q13485	0	0	0	0	1
Q9P2D1	0	0	1	0	0
Q969M1	1	0	0	0	0
O15520	0	0	1	0	1
P68371	0	1	0	0	0
Q49AN0	0	0	0	1	0
Q96FT9	1	0	0	0	0
P10070	0	0	1	0	0
Q8WV22	0	0	0	1	0
Q99704	0	0	1	0	1
P61266	1	0	1	0	0
Q8TEU8	0	0	0	0	1
P49703	1	0	0	0	0
Q6UB35	0	0	1	0	0
Q8N5V2	0	0	1	0	1
Q13472	0	0	0	1	0
Q92985	0	1	0	0	0
P06239	0	0	0	0	1
Q9NQC3	0	0	1	0	0
P41597	0	0	1	0	0
O00400	0	0	0	0	1
P42830	0	1	0	0	0
Q13889	0	0	0	1	0
P11229	0	0	1	0	0
Q92637	0	1	0	0	0
P23470	0	0	0	0	1
P32243	0	0	1	0	0
Q96FE5	0	0	1	0	0
Q8IXQ6	0	0	0	1	0
P53420	0	0	0	0	1
P62910	1	0	0	0	0
P14416	0	0	1	0	0
P15884	0	0	1	0	0
P18146	0	1	0	0	0
Q13753	0	0	1	0	0
Q12891	0	1	0	0	0
P10074	0	0	0	1	0
P27338	0	0	1	0	0
Q8TDB6	0	0	0	1	0
Q8TC59	0	0	0	1	0
P31040	0	0	1	0	0
Q16531	0	0	0	1	0
Q8WUW1	0	0	0	0	1
Q13636	1	0	0	0	0
Q9UHB9	1	0	0	0	0
Q9NZM3	0	0	1	0	0
Q969H4	0	0	0	0	1
Q76B58	0	0	1	0	0
Q92886	0	0	1	0	0
Q15262	0	0	0	0	1
Q15942	0	0	0	0	1
P04792	1	1	0	0	1
P01583	0	1	0	0	0
O00628	1	0	0	0	0
P19835	0	0	1	0	0
Q01851	0	0	1	0	0
P28328	1	0	0	0	0
A0MZ66	0	0	1	0	0
Q9BTT6	1	0	0	0	0
O95944	0	1	0	0	0
Q9UI26	1	0	0	0	0
O95817	1	0	0	0	0
P02741	0	1	0	0	0
Q9Y6Z7	0	1	0	0	0
Q9H0P0	0	1	0	0	0
Q16643	0	0	1	0	0
Q9H4I0	0	0	0	1	0
P35268	1	0	0	0	0
P06746	0	0	0	1	0
P10586	0	0	0	0	1
P81172	0	1	0	0	0
P98173	0	1	0	0	0
Q99424	1	0	0	0	0
O43293	0	1	0	0	0
Q9BYX2	1	0	0	0	0
P49913	0	1	0	0	0
Q6UX46	0	0	1	0	0
P17861	0	1	1	0	0
Q99784	0	0	1	0	0
P47869	0	0	1	0	0
Q9Y4D7	0	0	1	0	0
Q9H169	0	0	1	0	0
Q9ULH0	0	0	1	0	0
Q93009	0	0	0	1	0
Q9UL25	1	0	0	0	0
O15075	0	1	1	0	0
Q9UBR4	0	0	1	0	0
Q00577	0	0	0	1	0
Q96ST3	0	0	1	0	0
Q14191	0	0	0	1	0
Q9H773	0	0	0	1	0
Q96DA6	1	0	0	0	0
P42701	0	1	0	0	0
P09211	0	1	1	0	0
P07814	0	1	0	0	0
P50458	0	0	1	0	0
P21728	0	0	1	0	0
Q14449	0	0	0	0	1
P13385	0	1	0	0	1
Q5T5Y3	0	0	1	0	0
P14867	0	0	1	0	0
P07949	0	0	1	0	1
P17706	0	0	0	0	1
P35247	0	1	0	0	0
P78423	0	1	1	0	0
O15347	0	0	0	1	0
Q14999	0	0	1	0	0
Q9HCM2	0	0	1	0	0
O43681	1	0	0	0	0
Q0IIM8	1	0	0	0	0
P42702	0	0	0	0	1
Q9UQ26	0	0	1	0	0
P13473	1	0	0	0	0
P29459	0	1	0	0	0
Q99467	0	1	0	0	0
P15407	0	1	0	0	0
Q13882	0	0	1	0	1
Q9H2B2	0	0	1	0	0
Q01814	0	0	1	0	0
Q9BUR4	0	0	0	1	0
P51809	0	1	0	0	0
Q9UJV3	0	1	0	0	0
Q9NQX0	0	0	1	0	0
P00519	0	0	1	1	1
P31150	0	0	1	0	0
P49841	0	0	1	0	1
Q13325	0	1	0	0	0
Q5T4W7	0	0	1	0	0
O00237	0	0	1	0	0
P27797	1	0	1	0	0
P02745	0	0	1	0	0
Q9Y4G8	0	0	1	0	1
Q9HCH3	0	0	1	0	0
O75787	0	0	1	0	0
Q9HBA0	0	0	1	0	0
Q6Y7W6	0	0	0	0	1
O43439	0	0	1	0	0
Q9HCU5	1	0	0	0	0
Q969W1	0	0	1	0	0
O75410	0	0	1	0	0
P27348	0	0	1	0	0
O95372	0	0	1	0	0
Q9Y2H9	0	0	1	0	0
Q9NXL9	0	0	0	1	0
P56559	1	0	0	0	0
P50607	1	0	0	0	0
Q8WTX9	1	0	0	0	0
P51149	1	0	0	0	0
Q13950	0	0	1	0	1
O15446	0	0	0	0	1
O43318	0	0	0	0	1
Q6ZMJ4	0	0	1	0	0
Q02363	0	0	1	0	0
Q9NQT5	0	0	0	1	0
P09912	0	1	0	0	0
Q92968	1	0	1	0	0
Q16555	0	0	1	0	0
O43639	0	0	0	0	1
Q8IVL0	0	0	1	0	0
P07101	0	0	1	0	0
O14908	1	0	0	0	0
Q9NP99	0	1	0	0	0
P09529	0	0	0	0	1
Q92570	0	0	0	0	1
P07332	0	0	1	0	1
Q99697	0	0	1	0	0
O43347	0	0	1	0	0
Q15119	0	0	0	0	1
O00203	1	0	0	0	0
P05549	0	0	1	0	0
P14780	0	0	0	0	1
P22607	0	0	0	0	1
Q2NKQ1	1	0	0	0	0
O14896	0	1	0	0	0
Q0ZGT2	0	0	1	0	0
Q9GZP0	0	0	0	0	1
Q8WXF7	0	0	1	0	0
Q70EL4	0	0	0	1	0
Q5T5X7	0	0	0	1	0
P16150	0	1	0	0	0
Q8IXJ6	0	1	1	0	1
Q96RK0	0	0	1	0	0
Q92997	0	0	1	0	0
Q99527	0	0	1	0	0
Q14181	0	0	0	1	0
P60602	1	1	0	0	0
A4GXA9	0	0	0	1	0
Q9Y3P9	1	0	0	0	0
Q86YS7	1	0	0	0	1
Q9NRD8	0	1	0	0	0
Q9NQG7	1	0	0	0	0
P47736	0	0	1	0	0
Q9ULD6	0	0	1	0	0
Q09161	1	0	0	0	1
Q07343	0	1	0	0	0
Q9UPW8	0	0	1	0	0
P40938	0	0	0	1	0
Q92542	0	0	0	0	1
P43629	0	1	0	0	0
P18075	0	0	1	0	1
P51157	1	0	0	0	0
Q5SRE5	1	0	0	0	0
Q13253	0	0	1	0	1
Q9Y496	1	0	1	0	0
P11678	0	1	0	0	0
P12830	0	0	1	0	0
Q96BY6	0	0	1	0	0
O00451	0	0	1	0	1
Q99829	0	0	1	0	0
P39086	0	0	1	0	0
P46940	0	0	1	0	1
P16860	0	0	0	0	1
Q9H7V2	1	0	0	0	0
O15455	0	1	0	0	0
Q96P20	0	1	0	0	0
P10767	0	0	0	0	1
Q9UPV9	1	0	1	0	0
Q9NP62	0	0	1	0	0
P08034	0	0	1	0	0
Q9BTX1	1	0	0	0	0
Q92834	1	0	0	0	0
P09110	1	0	0	0	0
P11226	0	1	0	0	0
Q8IYW5	0	0	0	1	0
P52735	0	0	0	0	1
P61077	1	0	0	0	1
A7E2V4	0	0	1	0	0
O43602	0	0	1	0	0
P53667	0	0	1	0	0
O15066	1	0	0	0	0
P48431	0	0	1	0	0
Q9UGN5	0	0	0	1	0
Q99623	1	0	0	0	0
P11137	0	0	1	0	0
P55145	0	0	1	0	0
O94907	0	0	1	0	0
P62491	1	0	1	0	0
Q9UMR3	0	0	1	0	0
O00115	0	0	0	1	0
P63172	1	0	1	0	0
P32249	0	0	1	0	0
Q8TAF3	0	0	0	1	0
Q2T9J0	1	0	0	0	0
P40855	1	0	0	0	0
Q9ULK5	0	0	1	0	0
Q6NXG1	0	0	1	0	1
Q9UEF7	0	0	0	0	1
P62266	1	0	0	0	0
Q96LU5	1	0	0	0	0
P35462	0	0	1	0	0
Q9NY74	0	0	0	1	0
Q96AJ1	1	0	0	0	0
Q13190	1	0	0	0	0
Q01196	0	0	1	0	0
Q8IYR6	0	0	1	0	0
O14656	0	0	1	0	0
Q9Y2K1	0	0	0	1	0
P09651	0	0	0	0	1
P33991	0	0	0	1	0
Q86TM6	1	0	0	0	0
O95390	0	0	1	0	1
P59044	0	1	0	0	0
P36405	0	0	1	0	0
Q07864	0	0	0	1	0
P78357	0	0	1	0	0
Q9GZZ8	0	1	0	0	0
O00744	0	0	1	0	0
Q14964	1	0	0	0	0
Q7RTU9	0	0	1	0	0
O95497	0	1	0	0	0
Q96PH6	0	1	0	0	0
P0DP23	0	0	1	0	0
Q9NPB6	0	0	0	0	1
O43490	0	0	1	0	0
Q9P2J2	0	0	1	0	0
O75592	0	0	1	0	0
P46783	1	0	0	0	0
Q9Y6Y9	0	1	0	0	0
P31249	0	0	1	0	0
Q9Y4B6	0	0	0	1	0
Q9UKG9	1	0	0	0	0
P32455	0	1	0	0	0
Q9BRX5	0	0	0	1	0
Q15907	1	0	0	0	0
Q86XK3	0	0	0	1	0
Q9NQX1	0	0	1	0	0
Q96NY9	0	0	0	1	0
Q96KW2	1	0	0	0	0
Q96PX1	0	0	1	0	0
P10636	0	0	1	0	0
Q8NFY4	0	0	1	0	0
P11362	0	0	1	0	1
P0DJI8	0	1	0	0	0
P50406	0	0	1	0	0
Q99689	0	0	1	0	0
Q8WWA0	0	1	0	0	0
Q15784	0	0	1	0	0
P42684	0	0	1	0	0
Q9Y342	0	0	1	0	0
Q14D33	1	0	0	0	0
O96014	0	0	1	0	0
O43524	0	0	0	0	1
Q92730	0	0	1	0	0
Q96P70	1	0	0	0	0
Q9Y4R8	0	0	0	1	0
Q8WUA7	1	0	0	0	0
Q96C45	0	0	1	0	0
P20827	0	0	1	0	1
Q6UWK7	0	1	0	0	0
Q6NZ36	0	0	0	1	0
P48551	0	1	0	0	0
P04279	0	1	0	0	0
Q9BXF3	0	0	0	1	0
O75152	1	0	0	0	0
Q9UGP5	0	0	0	1	0
P61328	0	0	1	0	0
Q9P121	0	0	1	0	0
P55265	0	1	0	0	0
Q9UIV1	0	1	0	0	0
O75717	0	0	0	1	0
P29965	0	0	0	1	0
P21926	0	0	1	0	0
P17844	0	0	0	0	1
P60891	0	0	1	0	0
Q3SXY8	0	0	1	0	0
Q13207	0	0	1	0	0
Q2Q1W2	0	0	1	0	1
Q9UBJ2	0	0	1	0	0
P53805	0	0	1	0	0
Q14108	1	0	1	0	0
Q15759	0	1	0	0	1
Q99497	0	0	0	1	0
P30411	0	0	0	0	1
Q8WZ79	0	0	0	1	0
Q9Y5T4	1	0	0	0	0
P81605	0	1	0	0	0
Q96PM5	0	0	0	1	0
Q13795	1	0	0	0	0
P04003	0	1	0	0	0
P55087	0	1	0	0	0
Q9H2Y7	0	0	0	0	1
Q8WTP8	0	1	0	1	0
Q8N8Y2	0	0	0	0	1
Q04743	0	0	1	0	0
Q9NQZ2	0	0	1	0	0
Q8TD07	0	1	0	0	0
O94788	0	0	1	0	0
Q9UI15	0	0	1	0	0
P11388	0	0	0	1	0
Q9Y2C4	0	0	0	1	0
Q13619	0	0	0	1	0
P02462	0	0	1	0	0
Q9BZL6	0	0	0	0	1
P30530	0	1	1	0	1
Q9Y586	0	0	1	0	0
P18124	1	0	0	0	0
Q13443	0	1	0	0	1
Q9Y543	0	0	1	0	0
Q02535	0	0	1	0	0
Q96DF8	0	0	1	0	0
P35222	0	0	1	0	0
Q9NZJ0	0	0	0	1	0
Q92900	1	1	0	1	0
Q8N7R1	1	0	0	0	0
Q9Y235	0	0	0	1	0
Q9UNA1	0	0	1	0	0
O60499	1	0	0	0	0
O15131	1	0	0	0	0
Q9UBC1	0	1	0	0	0
P24386	1	0	0	0	0
Q9UGP8	1	0	0	0	0
P35613	0	0	1	0	0
Q15109	0	1	1	0	0
Q9UBU9	1	0	0	0	0
P19838	0	1	0	0	0
P56589	1	0	0	0	0
Q92481	0	0	1	0	0
Q9UNP9	0	0	0	1	0
Q9Y6A9	1	0	0	0	0
Q9ULP9	0	0	1	0	0
Q9UHR4	0	1	0	0	0
O95243	0	0	0	1	0
O14654	0	0	0	0	1
Q9C0D0	0	0	1	0	0
Q9NYG2	1	0	0	0	0
P16471	0	0	0	0	1
P16109	0	1	0	0	0
P15882	0	0	1	0	1
Q9BW83	1	0	0	0	0
Q9NPI8	0	0	0	1	0
Q15286	1	0	1	0	0
Q96GR2	0	0	1	0	0
P51816	0	0	1	0	0
Q13098	0	0	0	1	0
Q12888	0	0	0	1	0
Q9NV29	0	0	0	0	1
Q9UBE8	0	0	0	0	1
P63000	0	0	1	0	1
P40189	0	0	0	0	1
Q9NZJ5	0	0	0	0	1
Q8WW32	0	0	0	1	0
P05408	1	0	0	0	0
Q96PC3	1	0	0	0	0
Q96DN2	0	1	0	0	0
Q9BZS1	0	1	0	0	0
Q99961	0	0	1	0	0
Q9Y3R0	1	0	1	0	0
A1A4Y4	0	1	0	0	0
Q13554	0	1	1	0	0
P49770	0	0	1	0	0
Q9Y5A9	0	0	1	0	0
Q14153	1	0	0	0	0
Q9Y6F9	0	0	1	0	0
Q13562	0	0	1	0	0
Q8TCT9	1	0	0	0	0
Q3MII6	1	0	0	0	0
P55103	0	0	0	0	1
Q5TA89	0	0	1	0	0
Q9GZN7	0	0	1	0	0
Q969P0	0	0	1	0	0
P04183	0	0	0	1	0
P36639	0	0	0	1	0
Q9Y3U8	1	0	0	0	0
Q7Z2E3	0	0	0	1	0
Q8N6T0	0	0	0	1	0
Q9UN72	0	0	1	0	0
Q9NP90	1	0	0	0	0
Q05519	1	0	0	0	0
P18510	0	1	0	0	0
Q8NCG7	0	0	1	0	0
Q6L8Q7	0	1	0	0	0
Q7KZI7	0	0	1	0	0
Q9H2A9	0	0	1	0	0
Q5FWF4	0	0	0	1	0
P46109	0	0	1	0	0
O60383	0	0	0	0	1
Q01524	0	1	0	0	0
Q03052	0	0	1	0	0
Q96G74	0	1	0	0	0
Q16719	0	1	0	0	0
O60493	0	1	1	0	0
Q92620	1	0	0	0	0
Q8N4C7	1	0	0	0	0
Q9NZH6	0	1	0	0	0
Q14160	1	0	1	0	0
P46781	1	0	0	0	0
P08571	0	1	0	0	0
Q6QHF9	1	0	0	0	0
O15105	0	0	0	0	1
P21281	0	0	0	0	1
P33897	0	0	1	0	0
P42336	0	0	1	0	1
P43034	0	0	1	0	0
Q9H9B1	0	0	0	1	0
P33681	0	1	0	0	0
Q9UPN4	1	0	0	0	0
Q6AZZ1	0	1	0	0	0
Q9ULW2	0	0	1	0	0
O95072	0	0	0	1	0
P10912	0	0	0	0	1
Q9Y5H9	0	0	1	0	0
Q15911	0	0	1	0	0
Q9BXW9	0	0	0	1	0
P49674	0	0	1	1	0
Q8TDM6	0	0	1	0	0
P34130	0	0	1	0	1
Q16653	0	0	1	0	0
P10721	0	0	0	0	1
O60508	1	0	0	0	0
Q9Y4A5	0	0	0	1	0
P31751	1	0	0	0	1
Q02383	0	1	0	0	0
P42224	0	1	0	0	0
P49959	0	0	0	1	0
O15145	0	0	0	0	1
O95782	1	0	0	0	1
Q86WK7	0	0	1	0	0
Q96Q83	0	0	0	1	0
P02649	0	0	1	0	0
O60828	0	1	1	0	0
Q86XT2	1	0	0	0	0
P56159	0	0	1	0	0
Q96G23	0	0	1	0	0
Q86YP4	0	0	0	1	0
O94933	0	0	1	0	0
Q96K76	0	0	0	1	0
P24311	0	0	1	0	0
P33151	0	0	0	0	1
P21709	0	0	1	0	1
Q9UPX8	0	0	1	0	0
Q9NS69	1	0	0	0	0
Q68G74	0	0	1	0	0
Q8NDL9	0	1	0	0	0
Q92572	0	0	0	0	1
P35711	0	0	1	0	0
P04637	0	0	0	1	0
Q86UA6	1	0	0	1	0
P20264	0	0	1	0	0
Q04912	0	1	0	0	1
Q16352	0	0	1	0	0
P61019	1	0	0	0	0
Q709C8	1	0	0	0	0
Q9P2M4	1	0	0	0	0
Q86YC3	0	1	1	0	1
Q96SB3	0	0	1	0	0
O60243	0	0	1	0	0
Q93098	0	0	1	0	0
Q9Y5N6	0	0	0	1	0
Q96RL1	0	0	0	1	0
Q5JST6	0	0	1	0	0
Q9H3Y6	0	0	0	0	1
Q9BQG1	0	0	1	0	0
P01308	0	0	0	0	1
P01138	0	0	1	0	1
O14640	0	0	1	0	0
Q9H9C1	1	0	0	0	0
P61626	0	1	0	0	0
Q658Y4	1	0	0	0	0
Q9H1H9	1	0	0	0	0
O43157	0	0	1	0	0
Q9Y6F1	0	0	0	1	0
Q8N801	0	0	0	1	0
P06733	0	1	0	0	0
Q8WZ75	0	0	1	0	0
Q96JE9	0	0	1	0	0
P61968	0	0	1	0	0
O94811	0	0	1	0	0
P43307	1	0	0	0	0
Q14183	0	0	1	0	0
Q8NI17	0	0	0	0	1
Q06945	0	0	1	0	0
P52434	0	0	0	1	1
P15918	0	0	0	1	0
O43353	0	1	0	0	0
P27449	0	0	0	0	1
P62750	1	0	0	0	0
A1L190	0	0	0	1	0
O94856	0	0	1	0	0
O60296	1	0	1	0	0
Q9HCL0	0	0	1	0	0
P10915	0	0	1	0	0
Q96ID5	0	0	1	0	0
Q13127	0	0	1	0	0
Q9UBZ9	0	0	0	1	0
Q05823	0	1	0	0	0
O75382	0	0	1	0	0
Q2TAL6	0	0	1	0	0
Q8WUD1	1	0	0	0	0
Q14258	0	1	0	1	0
P10966	0	0	0	0	1
P53621	1	0	0	0	0
Q6ZUT3	0	0	1	0	0
P18428	0	1	0	0	0
O94763	0	1	0	0	0
P04216	0	0	1	0	0
Q96HU1	1	0	0	0	0
P18084	0	0	0	0	1
O43414	0	0	0	1	0
P06400	0	0	1	0	0
Q9UQ90	0	0	1	0	0
Q9Y4C4	0	1	0	0	0
P05111	0	0	0	0	1
P09327	0	1	0	0	1
Q9UQR1	0	0	1	0	0
Q13415	0	0	0	1	0
Q15004	0	0	0	1	0
Q8WXG1	0	1	0	0	0
P34897	0	1	0	0	0
Q5VV43	0	0	1	0	0
Q9Y6Q6	0	1	0	0	0
P05362	0	1	0	0	0
Q9BZG1	1	0	0	0	0
P39023	1	0	0	0	0
P61313	1	0	0	0	0
P10619	1	0	0	0	0
Q13591	0	0	1	0	0
P22681	0	0	0	0	1
P19440	0	1	0	0	0
Q99767	0	0	1	0	0
Q9H173	1	0	0	0	0
P47872	0	0	1	0	0
P02647	0	0	0	0	1
Q13563	0	0	1	0	0
Q13769	1	0	0	0	0
O60706	0	1	0	0	0
Q9UJA3	0	0	0	1	0
P16298	0	0	1	0	0
Q9BYG5	0	0	1	0	0
Q8WUQ7	0	1	0	0	0
Q9NS18	0	0	0	1	0
Q06609	0	0	0	1	0
P48637	0	0	1	0	0
Q9Y397	1	0	0	0	0
Q16629	1	0	0	0	0
P06727	0	1	0	0	0
Q12829	1	0	0	0	0
P11021	1	0	1	0	0
Q1ZZU3	0	0	0	1	0
P15692	0	0	1	0	1
O60260	0	0	1	0	0
P17081	0	0	0	0	1
P08138	1	0	1	0	1
P20794	1	0	0	0	0
P27695	0	0	0	1	0
O15344	0	1	0	0	0
Q99666	1	0	0	0	0
Q9BQ90	0	0	0	1	0
O15530	0	0	0	0	1
P50914	1	0	0	0	0
Q9UKX7	1	0	0	0	0
Q92845	1	0	0	0	0
Q6TCH7	0	0	1	0	0
O94887	0	0	1	0	0
Q9NY25	0	1	0	0	0
Q99966	0	1	0	0	1
P10914	0	1	0	0	0
Q496M5	0	0	1	0	0
Q99828	0	0	1	1	0
Q8NE35	0	0	1	0	0
P78424	0	0	1	0	0
Q92581	0	0	1	0	0
Q96NW4	0	0	1	0	0
P02775	0	1	0	0	0
Q9UJH8	0	0	1	0	0
Q9Y366	1	0	0	0	0
Q14088	1	0	0	0	0
P54259	0	0	1	0	0
P26368	1	0	0	0	0
Q9HCE7	1	0	1	0	1
Q13509	0	0	1	0	0
Q96EX3	1	0	0	0	0
O76075	0	0	0	1	0
O94900	0	0	1	0	0
P29972	0	0	1	0	0
Q96KQ7	0	0	0	1	0
Q9NRW7	1	0	0	0	0
Q6NW40	0	0	0	0	1
Q8WX94	0	1	0	0	0
Q14982	0	0	1	0	0
Q9NR12	0	0	1	0	0
Q8IZD2	0	0	0	1	0
Q6UXF1	0	0	1	0	0
P18858	0	0	0	1	0
Q6VMQ6	0	0	0	1	0
Q9Y6K1	0	0	0	1	0
Q13526	0	0	1	0	0
P37840	0	1	0	0	0
Q9H0W8	0	0	1	0	0
P37108	1	0	0	0	0
Q9NPD3	0	1	0	1	0
P15018	0	0	0	0	1
Q96SQ7	0	0	0	0	1
Q96MG7	0	0	0	1	0
Q96CW1	0	0	0	0	1
P08123	0	0	0	0	1
Q9Y5F2	0	0	1	0	0
Q9NPF5	0	0	0	1	0
Q9Y5J3	0	0	1	0	0
Q9BY43	1	0	0	0	0
Q96NA8	1	0	0	0	0
Q9BX63	0	0	0	1	0
P57103	0	0	1	0	0
O95409	0	0	1	0	0
P20591	0	1	0	0	0
Q14565	0	0	0	1	0
Q96L92	1	0	0	0	0
Q16778	0	1	0	0	0
Q9BZM6	0	1	0	0	0
P46937	0	0	1	0	0
P14060	0	0	1	0	0
P19022	0	0	1	0	0
Q86Y82	1	0	0	0	0
Q8WWY7	0	1	0	0	0
P58215	0	0	1	0	0
Q9HCE5	0	0	1	0	0
Q66K14	1	0	0	0	0
P12004	0	0	0	1	0
Q9NPJ1	0	0	1	0	0
Q9Y2A7	0	0	1	0	1
O75096	0	0	1	0	0
Q9H1J7	0	0	1	0	0
P63167	1	0	1	0	0
Q96HA1	1	0	0	0	0
Q9ULI4	0	0	1	0	0
Q14457	1	0	0	0	0
Q9BYJ4	0	1	0	0	0
Q14249	0	0	0	1	0
O94973	0	0	0	0	1
Q13099	1	0	1	0	0
P10827	0	0	1	0	0
P05121	0	1	0	0	0
P61353	1	0	0	0	0
Q14435	0	0	0	0	1
P02452	0	0	0	0	1
O15260	1	0	0	0	0
P12034	0	0	1	0	1
Q96T25	0	0	1	0	0
P61158	0	0	0	0	1
Q8N9I0	0	0	1	0	0
Q9Y5K8	0	0	0	0	1
Q8NHY5	0	0	0	1	0
P26373	1	0	0	0	0
Q9BSW7	0	0	1	0	0
P60983	0	0	1	0	0
P10321	0	1	0	0	0
Q00536	0	0	1	0	0
P16591	0	1	0	0	1
Q9HAV0	0	0	1	0	0
Q8NDW8	1	0	0	0	0
Q66K74	0	0	1	0	0
Q9Y2I2	0	0	1	0	0
A6NKD9	0	0	1	0	0
Q6NVH7	0	0	0	1	0
Q14159	0	0	0	1	0
O43175	0	0	1	0	0
Q9UHN1	0	0	0	1	0
O94964	0	0	0	0	1
P31994	0	1	1	0	0
P32297	0	0	1	0	1
P47870	0	0	1	0	0
Q8NER5	0	0	1	0	1
Q9P2M7	0	0	0	0	1
P14210	0	0	0	0	1
Q92890	1	0	0	1	0
Q8N9L9	1	0	0	0	0
Q9UNS2	0	0	0	1	0
P07992	0	0	0	1	0
O96008	1	0	0	0	0
P05230	0	0	0	0	1
Q8NFP4	0	0	1	0	0
Q93045	0	0	1	0	0
Q9UIU6	0	0	1	0	0
Q9Y5L4	1	0	0	0	0
O15444	0	1	0	0	0
O14904	0	0	1	0	0
P50553	0	0	1	0	0
Q9Y2Q3	1	0	0	0	0
Q9Y584	1	0	0	0	0
P61421	0	0	0	0	1
P60201	0	0	1	0	0
O60259	0	0	1	0	0
Q9P0V8	0	1	0	0	0
Q9NPD8	0	0	0	1	0
Q99973	0	0	0	1	0
Q96HA7	0	0	0	1	0
P26717	0	1	0	0	0
Q9BTW9	0	0	1	0	0
Q9Y5X1	1	0	0	0	0
Q08345	0	0	0	0	1
O96028	0	0	0	1	0
O75874	1	0	0	0	0
O14531	0	0	1	0	0
P01732	0	0	0	0	1
Q15036	1	0	0	0	0
Q8WX93	0	0	1	0	0
Q9UNE7	0	0	0	0	1
P51649	0	0	1	0	0
Q5W186	0	1	0	0	0
Q9NZU1	0	0	1	0	1
Q969S8	0	0	0	1	0
O94762	0	0	0	1	0
P31483	0	0	0	0	1
Q9H7X7	1	0	0	0	0
Q9Y5E6	0	0	1	0	0
P61916	0	1	0	0	0
O60927	0	1	0	0	0
P31146	0	1	0	0	0
Q9H112	0	1	0	0	0
P16455	0	0	0	1	0
Q9UBX0	0	0	1	0	0
O15342	0	0	0	0	1
P04040	1	0	0	0	0
P15153	0	0	1	0	0
Q6W0C5	0	0	0	1	0
Q86SJ2	0	0	1	0	0
Q9UM54	1	0	0	0	0
P20936	0	0	0	0	1
Q8WVS4	1	0	0	0	0
Q969Q5	1	0	0	0	0
Q8TAT6	1	0	0	1	0
Q9Y263	0	1	1	0	0
Q9Y294	0	0	0	1	0
Q9UJ71	0	1	0	0	0
P20336	1	0	1	0	0
Q96F07	0	0	1	0	1
Q15011	1	0	0	0	0
P62269	1	0	0	0	0
P35372	0	0	1	0	0
O76050	0	0	1	0	0
Q93097	0	0	1	0	0
O60486	0	0	1	0	0
Q14974	1	0	0	1	0
P35914	1	0	0	0	0
P61106	1	0	0	0	1
Q13875	0	0	1	0	0
Q13404	0	0	0	1	0
P35398	0	0	1	0	0
P29466	0	1	0	0	0
P80217	0	1	0	0	0
Q5VWQ8	0	1	1	0	1
P84085	1	0	0	0	0
P04085	0	0	0	0	1
Q16515	0	0	1	0	0
Q9NQ25	0	1	0	0	0
Q9UL17	0	1	0	0	0
P16333	0	0	0	0	1
P11413	0	0	1	0	0
Q9H1C4	1	0	0	0	0
P49207	1	0	0	0	0
P22003	0	0	1	0	1
Q9NZH0	0	0	1	0	0
Q9H3T3	0	0	1	0	0
P04626	0	0	1	0	1
Q15389	0	0	0	0	1
P19878	0	1	0	0	1
P37173	0	0	1	0	1
Q13761	0	0	1	0	0
Q96KX0	0	1	0	0	0
Q96RK4	0	0	1	0	0
P13051	0	0	0	1	0
Q99571	0	0	1	0	0
P13693	0	1	0	0	0
Q96Q05	0	0	1	0	0
Q99075	0	0	0	0	1
O15121	0	0	1	0	0
Q3LXA3	0	1	0	0	0
O60733	0	1	0	0	0
Q99698	0	1	0	0	0
Q9Y689	1	0	0	0	0
Q92466	0	0	0	1	0
Q9BT78	0	0	0	1	0
Q9H1J5	0	0	1	0	0
P00709	0	1	0	0	0
P49792	1	0	0	0	0
O43196	0	0	0	1	0
P01889	0	1	0	0	0
P25090	0	1	1	0	0
P19876	0	1	0	0	0
Q14451	0	0	1	0	1
Q9H1E3	0	0	0	1	0
Q06413	0	1	1	0	0
Q9Y547	1	0	0	0	0
Q13402	0	0	1	0	0
Q8WWV3	0	0	1	0	0
Q13596	1	0	0	0	0
Q8WXU2	0	0	1	0	0
O00175	0	1	0	0	0
Q01831	0	0	0	1	0
O00468	0	0	1	0	0
Q6PJP8	0	0	0	1	0
P35916	0	0	0	0	1
O43251	0	0	1	0	1
P01574	0	1	0	0	0
P50750	0	0	0	1	0
P62913	1	0	0	0	0
Q9NZ72	0	0	1	0	0
Q14563	0	0	1	0	0
O43543	0	0	0	1	0
Q96QD9	1	0	0	0	0
P63241	1	0	0	0	0
P62917	1	0	0	0	0
Q15326	0	1	0	0	0
P51805	0	0	1	0	0
Q9UHY8	0	0	1	0	0
Q9Y6R0	0	0	1	0	0
P33993	0	0	0	1	0
Q969P6	0	0	0	1	0
Q9UN36	0	0	1	0	0
Q9UHC1	0	0	0	1	0
P29475	0	1	0	0	0
O14682	0	0	1	0	0
O14832	1	0	0	0	0
P31371	0	0	1	0	1
Q9Y6M7	0	0	1	0	0
O75128	0	0	1	0	0
P83436	1	0	0	0	0
O95352	0	1	0	0	0
P42229	0	0	0	0	1
Q92797	1	0	0	0	0
O60241	0	0	1	0	0
P51948	0	0	0	1	0
Q5XG87	0	0	0	1	0
P14317	0	0	1	0	0
O60347	1	0	0	0	0
Q9UDY8	0	1	0	0	0
P30273	0	1	0	0	0
Q99717	0	0	0	0	1
Q9BY42	0	0	0	1	0
Q99836	0	1	0	0	0
Q9NVI1	0	0	0	1	0
Q8IUM7	0	0	1	0	0
Q9UP38	0	0	1	0	0
Q15915	0	0	1	0	0
P56706	0	0	1	0	0
P43405	1	1	0	0	0
P15880	1	0	0	0	0
P15923	0	0	1	1	0
Q9H8V3	0	0	1	0	0
P18507	0	0	1	0	0
Q9NQB0	0	0	0	1	0
Q9H9Q4	0	0	1	1	0
P80108	0	0	0	0	1
O14641	0	0	1	0	0
Q9NZC2	0	1	1	0	0
Q9NWB7	1	0	0	0	0
Q9BTZ2	1	0	0	0	0
Q8N1F7	1	0	0	0	1
P62280	1	0	0	0	0
Q9H040	0	0	0	1	0
O14757	0	0	0	1	0
P24855	0	0	0	1	0
Q9UBQ0	1	0	0	0	0
Q6P1J9	0	1	0	0	0
Q03014	1	0	0	0	0
O75077	0	0	1	0	0
Q02880	0	0	0	1	0
Q7Z5Q5	0	0	0	1	0
P11831	0	0	1	0	0
P80723	0	0	1	0	0
P49238	0	1	1	0	0
P55008	0	1	0	0	0
P51587	0	0	0	1	0
Q9UJY4	1	0	0	0	0
Q14549	0	0	1	0	0
P52597	0	0	0	0	1
P09619	0	0	0	0	1
Q8N7H5	0	1	0	0	0
P07333	0	0	0	0	1
Q15067	1	0	0	0	0
Q86Y97	0	0	0	1	0
P57735	1	0	0	0	0
P52799	0	0	1	0	1
O15540	0	0	1	0	0
P07288	0	1	0	0	0
Q7Z2D5	0	0	1	0	0
O75051	0	0	1	0	0
P23297	0	0	1	0	0
P11473	0	1	0	0	0
P23510	0	1	0	0	0
P54725	0	0	0	1	0
Q99608	0	0	1	0	0
Q96PU4	0	0	0	1	0
Q15388	1	0	0	0	0
P51674	0	0	1	0	0
Q5UIP0	0	0	0	1	0
Q8WU68	1	0	0	0	0
Q9H981	0	0	0	1	0
O95801	0	1	0	0	0
Q02078	0	0	1	0	0
P05455	1	0	0	0	0
P28827	0	0	1	0	0
Q99743	0	0	1	0	0
Q5JVF3	1	0	0	0	0
P54762	0	0	1	0	1
O75147	0	0	1	0	0
Q9NXX6	0	0	0	1	0
Q15102	0	0	1	0	0
Q6TDP4	0	0	1	0	0
Q96LW4	0	0	0	1	0
P21283	0	0	0	0	1
P62899	1	0	0	0	0
Q7Z5G4	1	0	0	0	0
Q96QF0	1	0	0	0	0
Q8IZ21	0	0	1	0	0
O75340	1	0	0	0	1
Q01629	0	1	0	0	0
Q9Y3A2	0	0	1	0	0
Q9P2Z0	0	0	0	1	0
Q8IV48	0	0	0	1	0
P06241	0	0	1	0	1
O14734	1	0	0	0	0
O15205	0	1	0	0	0
P40126	0	0	1	0	0
P50542	1	0	0	0	0
O75581	0	0	1	0	0
O14867	0	0	0	1	0
Q15631	0	0	0	1	0
P11926	0	1	0	0	0
Q4V328	1	0	0	0	0
Q8IUC6	0	1	0	0	0
Q07699	0	0	1	0	0
Q9C0J8	1	0	0	1	0
Q8IYB4	1	0	0	0	0
Q16650	0	0	1	0	0
Q13609	0	0	0	1	0
Q6ZT07	1	0	0	0	0
Q86Y01	0	0	1	0	0
O60609	0	0	1	0	0
Q92729	0	0	0	0	1
P43026	0	0	0	0	1
P55160	0	0	1	0	1
Q7Z2Z1	0	0	0	1	0
P23352	0	0	1	0	1
O75131	0	0	0	0	1
Q9NRW1	1	0	0	0	0
Q8WVZ1	1	0	0	0	0
Q8NA77	0	0	0	1	0
P01160	0	0	0	0	1
Q15139	0	0	1	0	1
Q8IYJ1	0	0	1	0	0
O43312	0	0	0	0	1
O75348	0	0	0	0	1
Q01628	0	1	0	0	0
Q86WK6	0	0	1	0	0
Q13439	0	0	1	0	0
P06213	0	0	0	0	1
Q9GZP9	1	0	0	0	0
P04264	0	1	0	0	0
Q9P0M6	0	0	1	0	0
Q9HAS0	1	0	0	0	0
P32780	0	0	0	1	0
O95999	0	1	1	0	0
Q8WWC4	1	0	0	0	0
Q9Y2X7	0	0	0	0	1
Q9Y239	0	1	0	0	0
P04629	0	0	1	0	1
O15146	0	0	1	0	1
P51617	0	1	0	0	1
Q6ZMT4	0	0	1	0	0
Q9NP55	0	1	0	0	0
Q15080	0	0	0	0	1
O43424	0	0	1	0	0
Q9NT62	1	0	0	0	0
P08631	0	1	0	0	1
O15370	0	0	1	0	0
P09544	0	0	1	0	0
Q96DA2	1	0	0	0	0
Q8N157	0	0	1	0	1
Q9NS85	0	0	1	0	0
Q6UN15	1	0	0	0	0
Q6STE5	0	0	1	0	0
O14972	1	0	0	0	0
Q6ZN44	0	0	1	0	0
Q8N2A8	0	0	0	1	0
P26583	0	1	1	1	0
Q9GZQ4	0	0	1	0	0
Q5VXU9	0	0	0	1	0
Q9H1R2	0	0	0	0	1
Q8NEY1	0	0	1	0	0
O00443	0	0	0	0	1
O00571	0	1	0	0	0
Q96CG3	0	1	0	0	0
Q9UI08	0	0	1	0	0
Q9NR64	0	0	1	0	0
P23246	0	0	0	1	0
P48730	0	0	1	0	0
Q9BX66	0	0	0	0	1
Q13151	0	1	0	0	0
P61326	1	0	0	0	0
P35520	0	0	0	1	0
P09914	1	1	0	0	0
Q9NZR1	0	0	1	0	0
P39748	0	0	0	1	0
Q15070	1	0	0	0	0
P15814	0	1	0	0	0
Q99873	0	0	1	0	0
Q86WI3	0	1	0	0	0
Q99835	0	0	1	0	0
Q9UNH7	1	0	0	0	0
P53680	0	0	0	0	1
P07900	1	0	1	1	1
Q9BQQ3	0	0	1	0	0
Q96Q89	0	0	1	0	0
Q8IVL1	0	0	1	0	0
Q99442	1	0	0	0	0
Q9Y253	0	0	0	1	0
Q9UI12	0	0	0	0	1
Q8N4Q1	1	0	0	0	0
O60282	1	0	1	0	0
Q5VXT5	0	0	1	0	0
P49184	0	0	0	1	0
O43164	0	1	0	0	0
Q7Z4L5	1	0	0	0	0
Q9C0E2	1	0	0	0	0
Q6UWF3	0	1	0	0	0
O60814	0	1	0	0	0
P22004	0	0	0	0	1
Q7Z5Y6	0	0	0	0	1
O94979	1	0	0	0	0
P00441	0	0	1	0	0
Q9UIF7	0	0	0	1	0
P25092	0	0	0	0	1
Q93034	0	0	0	0	1
P25391	0	0	1	0	0
Q9GZV9	0	0	0	0	1
O94829	1	0	0	0	0
Q8NEZ3	1	0	0	0	0
A0AVI4	1	0	0	0	0
P20783	0	0	1	0	1
Q92913	0	0	1	0	0
P08253	0	0	0	0	1
Q8N158	0	0	1	0	0
Q9UH17	0	1	0	1	0
P62851	1	0	0	0	0
Q96E17	1	0	0	0	0
P25105	0	1	0	0	0
Q7Z591	0	0	1	0	0
P04440	0	1	0	0	0
Q14247	1	0	1	0	0
Q00534	0	1	1	0	0
Q96EV8	0	0	1	0	0
O60674	0	1	0	0	1
P15813	0	1	0	0	0
Q07889	0	0	1	0	1
Q6UWZ7	0	0	0	1	0
Q8WV07	0	0	0	1	0
Q12824	0	0	0	1	0
Q9C0B0	0	0	1	0	0
O95741	0	0	1	0	0
O60673	0	0	0	1	0
P60866	1	0	0	0	0
Q96AZ6	0	1	0	1	0
Q8TD31	1	0	0	0	0
Q14289	0	0	1	0	1
P53355	0	1	0	0	0
Q92785	0	0	1	0	0
Q92784	0	0	1	0	0
O75344	0	0	0	1	0
P14920	1	0	0	0	0
Q9BRG1	1	0	0	0	0
Q99731	0	1	0	0	0
Q9P2P5	0	0	1	0	0
P28799	0	0	1	0	0
P41238	0	0	0	1	0
Q9Y5W8	1	0	0	0	0
Q9Y6Y0	0	1	0	0	0
O60921	0	0	0	1	0
P20337	1	0	0	0	0
Q9NX57	1	0	0	0	0
Q15785	1	0	0	0	0
Q99595	1	0	0	0	0
P35125	1	0	0	0	0
P09564	0	0	0	0	1
P06899	0	1	0	0	0
P11215	0	0	1	0	0
Q9NSY0	0	0	1	0	0
O75603	0	0	1	0	0
Q9Y2H2	0	0	1	0	0
Q92854	0	0	1	0	0
P20333	0	1	1	0	0
Q9NZQ7	0	1	0	0	0
Q29RF7	0	0	0	1	0
P62841	1	0	0	0	0
O43294	0	0	0	0	1
Q9H9A7	0	0	0	1	0
O60506	0	1	0	0	0
O75334	0	0	1	0	0
Q8N307	0	0	0	0	1
Q92858	0	0	1	0	0
Q99985	0	0	1	0	0
P37275	0	0	1	0	0
O60683	1	0	0	0	0
Q92621	1	0	0	0	0
P18887	0	0	0	1	0
O60216	0	0	0	1	0
O00562	0	0	1	0	0
Q9BUH6	0	0	0	1	0
Q9BYI3	0	0	1	0	0
Q9BRZ2	0	1	0	0	0
Q8IWN7	0	0	1	0	0
Q9UQ13	0	0	0	0	1
Q9Y5Q3	0	0	1	0	0
Q96J01	1	0	0	0	0
Q9H1Z8	0	0	1	0	0
Q8NAM6	0	0	0	1	0
P62937	0	0	0	1	0
Q96GA3	1	0	0	0	0
Q9NZV1	0	0	1	0	0
Q9ULG1	0	0	0	1	0
Q13838	1	0	0	0	0
P13591	0	1	1	0	0
Q9NZR4	0	0	1	0	0
Q6FIF0	1	0	0	0	0
P02675	0	1	0	0	0
Q8NFZ0	0	0	0	1	0
Q13873	0	0	0	0	1
Q96CS3	1	0	0	0	0
P47897	0	0	1	0	0
Q6PKX4	0	0	1	0	0
O94782	0	0	0	1	0
P30203	0	1	0	0	0
P54727	0	0	0	1	0
Q9Y6J8	0	0	1	0	0
Q9NX09	0	1	1	0	1
Q9UQM7	0	1	1	0	0
Q9HC29	0	1	0	0	0
P43308	1	0	0	0	0
O15399	0	0	1	0	0
Q9NQV7	0	0	0	1	0
Q7Z7M0	0	0	1	0	1
P04196	0	1	0	0	0
Q03135	0	1	0	0	0
Q9Y5Y5	1	0	0	0	0
Q96CV9	0	1	0	0	0
P37198	1	0	0	0	0
P05388	1	0	0	0	0
Q9GZT8	0	0	1	0	0
Q96EB6	0	0	0	1	1
Q9Y2D1	0	0	1	0	0
Q06124	0	0	1	0	1
O00327	0	0	1	0	0
A2PYH4	0	0	0	1	0
Q96S59	0	0	1	0	0
O15228	1	0	0	0	0
Q86VR2	0	0	1	0	0
Q13568	0	1	0	0	0
Q14694	0	0	0	1	0
P05231	0	1	1	0	0
Q9NPG8	1	0	0	0	0
Q96SN8	0	0	1	0	0
Q9UQ52	0	0	1	0	0
B2RTY4	0	0	1	0	0
Q96FC9	0	0	0	1	0
O00144	0	0	1	0	0
O76064	0	0	0	1	0
P62906	1	0	0	0	0
P60953	0	0	1	0	1
Q6ZNK6	0	0	1	0	0
Q6ZVN8	0	0	0	0	1
Q9NP97	1	0	0	0	0
O96001	0	0	1	0	0
Q8N3J2	0	0	0	1	0
Q9NP61	1	0	0	0	0
Q8NA57	1	0	0	0	0
P0CG47	1	0	1	1	1
Q9BVW5	0	0	0	1	0
O00410	1	0	0	0	0
Q9NRG9	1	0	0	0	0
P16066	0	0	0	0	1
O95670	0	0	0	0	1
O75398	0	0	1	0	0
P48304	0	1	0	0	0
Q5T890	0	0	0	1	0
Q9UBW8	0	0	0	1	0
P62829	1	0	0	0	0
P34810	0	1	0	0	0
P01100	0	0	0	1	1
Q5T4F4	0	0	1	0	1
Q03181	0	0	1	0	0
Q15078	0	0	1	0	1
Q96TA1	0	0	1	0	0
Q86UE4	0	1	0	0	0
Q70YC5	0	0	1	1	0
P22301	0	1	0	0	0
Q02846	0	0	0	0	1
Q96QP1	0	1	0	0	0
Q14444	0	0	1	0	0
P05204	0	1	0	0	0
Q13188	0	0	1	0	0
P57768	1	0	0	0	0
P05019	0	0	0	0	1
P19525	0	1	0	0	0
Q9BWQ8	0	0	1	0	0
P34925	0	0	1	0	1
P36544	0	0	1	0	0
Q9UKW4	0	0	0	0	1
Q9BVA0	1	0	0	0	0
Q96MV8	1	0	0	0	0
Q9NRW3	0	1	0	1	0
P39210	1	0	0	0	0
P35590	0	0	0	0	1
Q6P6C2	1	0	0	1	0
Q9UBV4	0	0	1	0	0
Q9UBC7	0	1	0	0	0
Q96T92	0	0	1	0	0
Q13794	0	1	0	0	0
Q58EX2	0	0	1	0	0
P52272	0	0	0	0	1
Q9Y2W6	0	0	0	1	0
P13010	0	0	0	1	0
P40394	0	1	0	0	0
Q6B0I6	0	0	0	1	0
Q8WW43	0	0	0	0	1
Q5TBA9	0	0	1	0	0
Q92876	0	0	1	0	0
Q9NWV8	0	0	0	1	0
Q14764	0	0	0	0	1
P83881	1	0	0	0	0
O95786	0	1	0	0	0
P36955	0	0	1	0	0
O43504	0	1	0	0	0
O15055	0	0	1	0	0
Q2TAK8	0	0	0	1	0
P13747	0	1	0	0	0
Q14203	0	0	1	0	0
O00189	1	0	0	0	0
Q19AV6	0	0	0	1	0
Q9NZP6	1	0	0	0	0
Q9UFC0	0	0	0	1	0
P43681	0	0	0	1	0
P27816	0	0	1	0	0
Q15797	0	0	0	0	1
Q13043	0	0	1	0	0
Q8IZJ1	0	0	1	0	0
O14905	0	0	1	0	0
Q53GS7	1	0	0	0	0
Q8N4F0	0	1	0	0	0
Q5UAW9	0	0	1	0	0
P49459	0	0	0	1	0
P48061	0	1	1	0	0
Q8WV44	0	1	0	0	0
Q9NZ08	0	1	0	0	0
O60671	0	0	1	1	0
Q13470	0	0	0	0	1
P35251	0	0	0	1	0
P04628	0	0	1	0	0
Q8IZU9	0	0	1	0	0
Q9Y3Y2	1	0	0	0	0
P51668	1	0	0	0	1
Q16880	0	0	1	0	0
Q9BYG0	0	0	1	0	0
P13984	0	0	0	0	1
Q9H6R4	1	0	0	0	0
Q9BU40	0	0	0	0	1
P01286	0	0	1	0	0
Q8TD84	0	0	1	0	0
P35244	0	0	0	1	0
O75364	0	0	1	0	0
P01127	0	0	0	0	1
Q13277	1	0	1	0	0
Q92625	0	0	1	0	1
O00241	0	1	0	0	0
Q8TDI0	0	0	1	0	0
P62258	0	0	1	0	0
A6NE02	0	1	0	0	0
P56703	0	0	1	0	0
Q76NI1	0	0	1	0	0
Q15811	0	0	0	0	1
P32004	0	0	1	0	0
Q06828	0	0	0	0	1
Q9BVL2	1	0	0	0	0
P78536	0	1	0	0	1
P58166	0	0	0	0	1
Q8TEX9	1	0	0	0	0
Q92974	1	0	1	0	0
Q16520	0	1	0	1	0
P20393	0	1	1	0	0
Q9H1M4	0	1	0	0	0
P43155	1	0	0	0	0
O60663	0	0	1	0	0
Q8TAT5	0	0	0	1	0
P56962	1	0	0	0	0
O15119	0	0	1	0	0
Q13491	0	0	1	0	0
Q9BXT6	0	0	0	1	0
Q8TF63	0	0	1	0	0
Q9HAR2	0	0	1	0	0
P63146	0	0	0	1	0
Q96JQ0	0	0	1	0	0
Q9Y4K3	0	1	0	0	0
Q6X4W1	0	0	1	0	0
O14773	0	0	1	0	0
O95936	0	0	1	0	0
Q8N3F8	1	0	1	0	0
Q9H9F9	0	0	0	1	0
P12277	0	0	1	0	0
Q9Y230	0	0	0	1	0
Q9NTI2	0	0	1	0	0
Q14686	0	0	1	0	0
Q9NUI1	1	0	0	0	0
Q7Z3Z4	0	0	0	1	0
Q8N3Y1	0	0	1	0	0
Q8IWZ3	0	1	0	0	0
O94805	0	0	1	0	0
P30050	1	0	0	0	0
Q9P2J5	1	0	0	0	0
Q14031	0	0	0	0	1
P49257	1	0	0	0	0
P20265	0	0	1	0	0
O60934	0	0	0	1	0
Q92609	1	0	0	0	0
Q8NI51	0	0	0	1	0
P41145	0	1	0	0	0
Q9UBH0	0	1	0	0	0
P50993	0	0	1	0	0
Q8IY92	0	0	0	1	0
P54252	0	0	1	1	0
O60477	0	0	1	0	0
P38484	0	1	0	0	0
O15457	0	0	0	1	0
P52565	0	0	1	0	0
Q86WA8	1	0	0	0	0
O43820	0	1	0	0	0
Q96BI3	0	0	0	0	1
Q9BW27	1	0	0	0	0
Q7Z3T8	1	0	0	0	1
Q9BWV3	0	0	0	1	0
Q9NRY2	0	0	0	1	0
O14879	0	1	0	0	0
P78543	0	0	1	1	0
P03971	0	0	0	0	1
Q96KP6	0	1	0	0	0
Q92989	0	0	1	0	0
Q7RTR0	0	1	0	0	0
Q15464	0	0	0	0	1
Q15465	0	0	1	0	0
P62263	1	0	0	0	0
Q96T52	1	0	0	0	0
P62847	1	0	0	0	0
Q9H8G1	0	0	1	0	0
Q9NX24	0	0	0	1	0
Q13444	0	1	0	0	0
Q9UF33	0	0	1	0	1
Q8TDB4	1	0	0	0	0
P08246	0	1	0	0	0
Q15154	1	0	1	0	0
P09038	0	0	1	0	1
P24539	0	0	1	0	0
P07437	0	1	0	0	0
Q13445	1	0	0	0	0
Q9NUE0	1	0	0	0	0
P26641	0	1	0	0	0
P61764	0	0	1	0	0
Q10713	1	0	0	0	0
P01591	0	1	0	0	0
Q9NYB0	0	0	0	1	0
P53365	1	0	0	0	0
Q13796	0	0	1	0	0
P48736	0	1	0	0	0
O15315	0	0	0	1	0
P35070	0	0	0	0	1
O15027	1	0	1	0	0
P26367	0	0	1	0	0
O95416	0	0	1	0	0
Q9H668	0	0	0	1	0
Q9BQ50	0	0	0	1	0
P09132	1	0	0	0	0
P02686	0	0	1	0	0
O95551	0	0	1	1	0
P06702	0	1	1	0	0
Q8TEB9	1	0	0	0	0
P30793	0	1	0	0	0
O00401	0	0	1	0	1
Q8N0W4	0	0	1	0	0
O75771	0	0	0	1	0
O43761	0	0	1	0	0
Q8NEU8	1	0	1	0	1
P01563	0	1	0	0	0
Q9GZT5	0	0	1	0	0
Q9Y6X6	0	0	1	0	0
Q86W42	1	0	1	0	0
P08700	0	0	1	0	0
P29460	0	1	0	0	0
Q13242	1	0	0	0	0
Q15768	0	0	1	0	1
P14625	1	0	0	0	0
P54753	0	0	1	0	1
Q96AC1	0	0	0	0	1
P20160	0	1	1	0	0
P08240	1	0	0	0	0
Q9UPW5	0	0	1	0	0
Q7Z6Z7	0	0	0	1	0
Q9H061	0	0	1	0	0
Q6SZW1	0	0	1	0	0
Q9NSU2	0	0	0	1	0
Q9H6R6	1	0	0	0	0
Q92949	0	0	1	0	0
O00423	0	0	1	0	0
P52292	1	0	0	1	0
P63165	0	0	0	1	0
P43246	0	0	0	1	0
Q9Y2R2	0	1	0	0	0
Q9Y3D6	1	0	0	0	0
P21580	0	1	0	0	0
Q14012	0	0	1	0	0
P20594	0	0	0	0	1
Q9Y6B7	1	0	0	0	0
O75439	1	0	0	0	0
Q96C34	1	0	0	0	0
Q9H1E1	0	1	0	0	0
P16070	0	1	0	0	0
Q13144	0	0	1	0	0
Q9Y296	0	0	1	0	0
Q13905	0	0	1	0	1
O96017	0	0	0	1	0
Q9BTL4	0	0	1	0	0
Q16654	0	0	0	0	1
P46777	1	0	0	0	0
Q8NFW5	0	0	1	0	0
Q8NEY4	0	0	0	0	1
Q9UJ41	1	0	0	0	0
Q96D46	1	0	0	0	0
Q9H0D6	0	0	0	1	0
P09429	0	1	1	1	0
O75914	0	0	1	0	1
P31151	0	1	0	0	0
O15297	0	0	0	1	0
Q92832	0	0	1	0	0
O75177	0	0	1	0	0
Q96B97	0	0	1	0	0
Q8NB91	0	0	0	1	0
O75116	0	0	0	0	1
Q01082	0	0	1	0	0
Q9UK41	1	0	0	0	0
Q13153	0	0	1	0	1
Q5JRX3	1	0	0	0	0
Q96PE1	0	0	1	0	0
Q9NRI5	0	0	1	0	0
Q8N1L9	0	1	0	0	0
Q92556	0	0	0	0	1
Q9H4D5	1	0	0	0	0
Q8NHL6	0	1	0	0	0
Q96I25	0	0	0	1	0
A0AVF1	1	0	0	0	0
P51681	0	1	0	0	0
P26232	0	0	1	0	0
Q7Z412	1	0	0	0	0
O60603	0	1	1	0	0
O60343	1	0	0	0	0
Q9P0J0	1	0	0	0	0
Q15287	1	0	0	0	0
Q7Z2W4	0	1	0	0	0
Q9H2X6	0	0	0	0	1
Q969G9	0	0	1	0	0
Q8IZV2	0	0	1	0	0
Q5VU57	0	1	0	0	0
Q13137	0	1	0	0	0
Q96FF9	0	0	0	1	0
P21266	0	0	1	0	0
Q13474	0	0	1	0	0
Q8WV99	1	0	0	0	0
Q9HC16	0	1	0	1	0
A6NH57	1	0	0	0	0
Q96BN8	0	1	0	0	0
Q9UJU2	0	0	1	0	1
P43354	0	0	1	0	0
Q99567	1	0	0	0	0
O75381	1	0	0	0	0
Q9P104	0	0	1	0	0
Q86UN2	0	0	1	0	0
Q99728	0	0	0	1	0
Q8IYT8	0	0	1	0	0
Q8N441	0	0	0	0	1
Q92540	1	0	0	1	0
O95755	1	0	0	0	0
O94991	0	0	1	0	0
Q9Y5E7	0	0	1	0	0
P07942	0	0	1	0	0
P57729	1	0	0	0	0
O76093	0	0	0	0	1
Q9NP72	1	0	1	0	0
Q9BUX1	0	0	1	0	0
P54108	0	1	0	0	0
Q7Z7G1	0	0	0	0	1
Q02543	1	0	0	0	0
P81133	0	0	1	0	0
Q9BYJ9	0	0	1	0	0
Q9BPU6	0	0	1	0	0
O95393	0	0	0	0	1
O15350	0	0	0	1	0
P49917	0	0	1	1	0
Q9NUS5	0	0	0	1	0
P04114	0	1	0	0	0
Q12840	1	0	1	0	0
Q7Z5A9	0	0	1	0	0
P42898	0	0	1	0	0
P05015	0	1	0	0	0
P06493	0	0	1	1	0
Q9Y5E9	0	0	1	0	0
Q9NPF7	0	1	0	0	0
Q96PD5	0	1	0	0	0
Q9HCU4	0	0	1	0	0
P54920	1	0	0	0	0
P49755	1	0	0	0	0
Q6NUN7	0	0	1	0	0
Q7RTN6	1	0	0	0	0
O15287	0	0	0	1	0
P36897	0	0	1	0	1
P62424	1	0	0	0	0
O15504	1	0	0	0	0
Q96LL9	0	0	1	0	0
Q9P2K8	0	0	1	0	0
Q92982	0	0	1	0	0
P16949	0	1	1	0	1
P36954	0	0	0	1	1
Q5JZY3	0	0	1	0	1
P01584	0	1	1	0	0
P22695	1	0	0	0	0
Q16695	0	0	0	1	0
Q96GW7	0	0	1	0	0
Q9UI95	0	0	0	1	0
P35250	0	0	0	1	0
Q96HC4	0	0	1	0	0
P35568	0	0	0	0	1
O00292	0	0	0	0	1
P84022	0	0	0	0	1
Q02763	0	0	0	0	1
O43615	1	0	0	0	0
Q9HA65	1	0	0	0	0
P08922	0	0	0	0	1
P01112	0	0	0	0	1
Q8TEW0	1	0	1	0	1
