Protein_Id	GO:0048699	GO:0015833	GO:0019752	GO:0070647	GO:0016071
O15229	0	0	1	0	0
Q15375	1	0	0	0	0
Q96PU5	1	0	0	1	0
Q96RY7	0	1	0	0	0
Q9H2A2	0	0	1	0	0
O95447	0	1	0	0	0
P57775	0	0	0	1	0
Q9H4A6	0	1	0	0	0
P33240	0	0	0	0	1
Q02083	0	0	1	0	0
Q86VI1	0	1	0	0	0
Q9UK80	0	0	0	1	0
P61769	1	0	0	0	0
Q9BQ04	0	0	0	0	1
P61586	1	0	0	1	0
Q9UL18	0	0	0	0	1
Q9H2X9	1	0	0	0	0
Q96LB4	0	1	0	0	0
Q9UKF6	0	1	0	0	1
Q16543	0	1	0	0	0
Q9P2H3	0	1	0	0	0
Q86VX9	0	1	0	0	0
Q14914	0	0	1	0	0
Q12834	0	0	0	1	0
Q16836	0	0	1	0	0
Q86VV4	0	1	0	0	0
P09917	0	0	1	0	0
Q9UIK5	1	0	0	0	0
Q00987	0	0	0	1	0
Q9BQK8	0	0	1	0	0
Q6IEG0	0	0	0	0	1
Q9H422	0	0	0	0	1
Q9BY77	0	1	0	0	1
Q08J23	0	0	0	0	1
Q15475	1	0	0	0	0
O43566	1	0	0	0	0
P15311	1	0	0	0	0
Q92847	0	1	0	0	0
Q9NQC8	0	1	0	0	0
Q96CN4	0	1	0	0	0
Q96LT7	1	0	0	0	0
Q5VVJ2	0	0	0	1	0
O15151	0	0	0	1	0
Q96A05	0	1	0	0	0
Q08AD1	1	0	0	0	0
Q3KNV8	0	0	0	1	0
Q9HCD6	1	0	0	0	0
P01303	1	0	0	0	0
P49815	0	1	0	0	0
Q9NRP4	0	0	1	0	0
Q8TCX1	0	1	0	0	0
P62993	1	0	0	0	0
Q9Y4F1	1	0	0	0	0
O60447	0	1	0	0	0
Q7L099	1	0	0	0	0
Q8WZ04	1	0	0	0	0
P62195	0	0	0	1	0
Q86TP1	1	0	0	0	0
P61088	0	0	0	1	0
Q9NWZ8	0	0	0	0	1
O60488	0	0	1	0	0
Q9UHC6	1	0	0	0	0
Q16827	1	0	0	0	0
Q86V81	0	1	0	0	1
Q9H2G9	0	1	0	0	0
Q9NVM4	0	0	0	0	1
Q96EQ8	0	0	0	1	0
Q8IVW4	1	0	0	0	0
P35998	0	0	0	1	0
Q53HC9	0	0	0	1	0
Q8NFA0	0	0	0	1	0
O15296	0	0	1	0	0
Q9HA77	0	0	1	0	0
Q9Y3C6	0	0	0	0	1
Q8NA58	0	0	0	0	1
P13804	0	0	1	0	0
Q05397	1	0	0	0	0
Q13972	1	0	0	0	0
Q92783	0	0	0	1	0
Q6QNY0	1	0	0	0	0
Q9BZJ0	0	0	0	0	1
P00338	0	0	1	0	0
Q02218	0	0	1	0	0
O43166	1	0	0	0	0
Q9UKU7	0	0	1	0	0
O60825	0	0	1	0	0
Q8NFH5	0	1	0	1	0
O00560	0	1	0	0	0
Q58HT5	0	0	1	0	0
Q7Z4K8	1	0	0	0	0
P62837	0	0	0	1	0
P52798	1	0	0	0	0
Q9NP95	1	0	0	0	0
Q9ULX5	1	0	0	1	0
P04406	0	0	1	0	0
Q99496	0	0	0	1	0
O15440	0	0	1	0	0
O14503	1	0	0	0	0
O75925	0	0	0	1	0
P35716	1	0	0	0	0
Q6JQN1	0	0	1	0	0
Q9Y639	1	0	0	0	0
P20340	0	1	0	0	0
Q8NI27	1	1	0	0	1
P62995	0	0	0	0	1
P17516	0	0	1	0	0
Q8NEE6	0	0	0	1	0
Q01860	0	0	0	0	1
P35606	0	1	0	0	0
Q96C86	0	0	0	0	1
P48735	0	0	1	0	0
P16671	0	1	1	0	0
Q70EL2	0	0	0	1	0
Q96N67	1	0	0	0	0
Q9UJV9	0	0	0	0	1
Q9P283	1	0	0	0	0
Q9UBN7	0	1	0	0	0
Q9H0Z9	0	0	0	0	1
Q6PIJ6	0	0	0	1	0
P23526	0	0	1	0	0
Q9H832	0	0	0	1	0
Q9UM73	1	0	0	0	0
O94760	0	0	1	0	0
O14828	0	1	0	0	0
Q96EQ0	0	1	0	0	0
Q8N5Z0	0	0	1	0	0
Q96EP1	0	0	0	1	0
O60462	1	0	0	0	0
O94885	0	0	0	1	0
Q8NFZ5	0	0	0	1	0
Q9H0V9	0	1	0	0	0
Q8NFJ9	0	1	0	0	0
O43324	0	0	1	0	0
Q12756	1	0	0	0	0
Q9HCJ2	1	0	0	0	0
Q99570	0	1	0	0	0
Q9HBG4	0	1	0	0	0
Q08629	1	0	0	0	0
P50549	1	0	0	0	0
Q9UKA2	0	0	0	1	0
Q6Q0C0	0	0	0	1	0
Q8TB73	1	0	0	0	0
Q9Y450	0	0	0	0	1
Q9NUP1	1	0	0	0	0
P31749	1	1	0	0	0
P05771	0	1	0	0	0
P62891	0	1	0	0	1
P59190	0	1	0	0	0
Q9ULM6	0	0	0	0	1
Q9H0R6	0	0	1	0	0
Q14004	0	0	0	0	1
P61812	1	0	0	0	0
O60469	1	0	0	0	0
Q9GZY8	0	1	0	0	0
P27361	1	0	0	0	0
Q9Y698	0	1	0	0	0
Q9UGM6	0	0	1	0	0
P00966	0	0	1	0	0
Q9BXP5	0	0	0	0	1
Q6NUN0	0	0	1	0	0
Q8N2Q7	1	1	0	0	0
Q9UHL0	0	1	0	0	0
Q9Y3E1	1	0	0	0	0
Q96DX5	0	0	0	1	0
O43390	0	0	0	0	1
P52435	0	0	0	0	1
Q9H1P3	0	0	1	0	0
Q9Y6I4	0	0	0	1	0
Q9HCK4	1	0	0	0	0
P20645	0	1	0	0	0
Q96QK1	0	1	0	0	0
P49753	0	1	1	0	0
Q969H0	0	0	0	1	0
Q9BSE5	0	0	1	0	0
Q96GG9	0	0	0	1	0
P00167	0	0	1	0	0
Q8NFT8	1	0	0	0	0
Q9P2L0	0	1	0	0	0
Q9H6Z4	0	1	0	0	0
Q9NR31	0	1	0	0	0
Q9UBX8	1	0	0	0	0
P04083	0	1	0	0	0
Q9P0N8	0	0	0	1	0
Q9UHG0	1	0	0	0	0
Q9HD47	0	1	0	0	0
Q9Y2J2	1	0	0	0	0
Q13243	0	1	0	0	1
Q92786	1	0	0	0	0
Q09472	1	0	0	1	0
Q15365	0	0	0	0	1
Q5XX13	0	0	0	1	0
Q9NPP4	0	1	0	0	0
Q92871	0	1	0	0	0
Q5TC63	0	1	0	0	0
Q9BWG6	0	0	0	0	1
A2RU49	0	0	1	0	0
P19634	0	0	1	0	0
Q9NWF9	0	0	0	1	0
Q8NFH3	0	1	0	1	0
P21953	0	0	1	0	0
P19474	0	0	0	1	0
Q00839	0	0	0	0	1
P84098	0	1	0	0	1
P78352	1	0	0	0	0
O14975	0	1	1	0	0
Q9Y5J9	0	1	0	0	0
O95926	0	0	0	0	1
Q9H479	0	0	1	0	0
Q9P2G1	0	0	0	1	0
Q86V24	0	0	1	0	0
Q99707	1	0	1	0	0
Q8IY49	1	0	0	0	0
P18074	1	0	0	0	1
Q15643	0	1	0	0	0
P51589	0	0	1	0	0
P09972	0	0	1	0	0
Q8TCQ1	0	0	0	1	0
P15313	0	1	0	0	0
Q9NTX5	0	0	1	0	0
Q9UBP5	1	0	0	0	0
Q13829	0	0	0	1	0
P62249	0	1	0	0	1
O75558	0	1	0	0	0
O00213	1	0	0	0	0
Q15370	0	0	0	1	0
Q9Y3Q3	0	1	0	0	0
Q86VP6	0	0	0	1	0
O43808	0	0	1	0	0
Q9NQX7	1	0	0	0	0
O00206	0	1	0	0	0
P36222	0	1	0	0	0
Q9ULV8	0	0	0	1	0
Q8TDR0	0	1	0	0	0
P05067	1	0	0	0	1
Q05925	1	0	0	0	0
P49427	0	0	0	1	0
Q15629	0	1	0	0	0
Q76L83	0	0	0	1	0
Q86VE9	0	0	1	0	0
Q8N967	1	0	0	0	0
P50570	1	1	0	0	0
Q86UR5	1	0	0	0	0
Q7Z2K8	1	0	0	0	0
Q9UKG1	0	1	0	0	0
P51153	1	1	0	0	0
Q5XUX1	0	0	0	1	0
Q9H1A4	0	0	0	1	0
P35637	0	0	0	0	1
Q13616	0	0	0	1	0
Q6ZSG1	1	0	0	0	0
P32121	0	0	0	1	0
P43251	0	0	1	0	0
Q9UBB4	1	0	0	0	0
Q5VWC8	0	0	1	0	0
Q92600	0	0	0	0	1
P35475	0	0	1	0	0
Q9H3F6	0	0	0	1	0
O60760	0	0	1	0	0
P62081	0	1	0	0	1
Q9P0L2	1	0	0	0	0
Q14527	0	0	0	1	0
O60291	0	0	0	1	0
Q9UHN6	0	0	1	0	0
Q92841	0	0	0	0	1
Q5T6J7	0	0	1	0	0
P63279	0	0	0	1	0
O43395	0	0	0	0	1
Q9H5P4	1	0	0	0	0
Q15185	0	0	1	0	0
Q5JS37	0	0	0	1	0
Q9Y265	0	0	0	1	0
O75400	0	0	0	0	1
Q8IXI2	0	0	0	1	0
Q9ULW5	0	1	0	0	0
O14529	1	0	0	0	0
Q9UL68	1	0	0	0	0
Q99502	0	0	0	1	0
Q8WXD5	0	0	0	0	1
Q9H2K2	0	0	0	1	0
Q16665	0	0	0	1	1
P56537	0	1	0	0	0
O43172	0	0	0	0	1
O14966	1	1	0	0	0
P98155	1	1	0	0	0
Q9H5Z1	0	0	0	0	1
Q5VV17	0	0	0	1	0
O60341	1	0	0	0	0
Q86WU2	0	0	1	0	0
Q8NBP7	1	0	0	0	0
Q9UQN3	0	1	0	0	0
O60830	0	1	0	0	0
O43815	1	0	0	0	0
Q9NUM4	1	0	0	0	0
O00629	0	1	0	0	0
Q9NUZ1	0	0	1	0	0
P42126	0	0	1	0	0
Q13286	0	0	1	0	0
Q9NXR7	0	0	0	1	0
Q16186	0	0	0	1	0
Q6ZQY3	0	0	1	0	0
P06703	1	0	0	0	0
P49840	1	0	0	0	0
P39905	1	0	0	0	0
Q9H2D1	0	0	1	0	0
P04439	0	0	0	1	0
Q01130	0	1	0	0	1
P52797	1	0	0	0	0
Q8IZU8	0	0	1	0	0
O95400	0	0	0	0	1
O00469	0	0	1	0	0
Q04741	1	0	0	0	0
Q13200	0	0	0	1	0
Q9NQT8	1	1	0	0	0
Q9UN37	0	1	0	0	0
Q4ADV7	0	1	0	0	0
Q9H6E5	0	0	0	0	1
P53396	0	0	1	0	0
Q96I15	0	0	1	0	0
P23468	1	0	0	0	0
P12236	0	1	0	0	0
P36269	0	0	1	0	0
Q9BUN8	0	1	0	1	0
Q8WWI1	0	0	0	1	0
Q8N7E2	0	0	0	1	0
Q9UHI7	0	0	1	0	0
Q16678	0	0	1	0	0
O95639	0	1	0	0	1
Q06265	0	0	0	0	1
Q8N8S7	1	0	0	0	0
Q9Y5A7	0	0	0	1	0
P19113	0	0	1	0	0
Q9H082	0	1	0	0	0
P55072	0	1	0	1	0
Q9H4M9	1	1	0	0	0
P63244	0	0	0	1	0
Q6P9F5	0	0	0	1	0
Q8NAG6	0	1	0	0	0
Q8TD43	0	0	0	1	0
Q9P2H5	0	0	0	1	0
Q9UKD2	0	0	0	0	1
Q6KC79	1	0	0	0	0
Q9NS91	0	0	0	1	0
Q9UPQ7	0	0	0	1	0
Q9P2K9	1	0	0	0	0
Q96S21	0	1	0	0	0
Q8IVH4	0	0	1	0	0
Q9UNT1	0	1	0	0	0
P32322	0	0	1	0	0
Q9H4S2	1	0	0	0	0
Q9Y4C8	0	0	0	0	1
P62854	0	1	0	0	1
P29323	1	0	0	0	0
P54845	1	0	0	0	0
Q8TEA7	0	1	0	0	0
O95477	0	1	0	0	0
Q9Y6N7	1	0	0	0	0
P56715	1	0	0	0	0
Q8IY33	1	0	0	0	0
Q00266	0	0	1	0	0
Q5HYI8	0	1	0	0	0
Q9H244	1	0	0	0	0
Q8NBR6	0	0	0	1	0
P12931	1	0	0	0	0
Q9H2C0	0	0	0	1	0
P51671	1	0	0	0	0
P55317	1	0	0	0	0
O43567	0	0	0	1	0
O75879	0	0	1	0	0
Q8IYB7	0	0	0	0	1
O60231	0	0	0	0	1
Q4KMP7	0	1	0	0	0
Q5HYJ1	0	0	1	0	0
Q8N966	0	1	0	0	0
P45954	0	0	1	0	0
O75094	1	0	0	0	0
Q9HCJ5	1	0	0	0	0
Q96FX7	0	0	0	0	1
Q8IUD6	0	0	0	1	0
Q8TDC3	1	0	0	0	0
Q6WRI0	1	0	0	0	0
O60784	0	1	0	0	0
Q93050	0	1	0	0	0
Q5BIV9	0	1	0	0	0
Q12933	0	0	0	1	0
O14786	1	0	0	0	0
Q3SY69	0	0	1	0	0
Q96F86	0	0	0	0	1
Q13467	1	0	0	0	0
Q13608	0	1	0	0	0
Q96DZ1	0	1	0	0	0
P57073	1	0	0	0	0
Q96PC5	0	1	0	0	0
Q96JH7	0	0	0	1	0
O15042	0	0	0	0	1
Q96NL8	1	0	0	0	0
O00291	0	1	0	0	0
Q8NCC3	0	0	1	0	0
Q6IQ26	1	0	0	0	0
Q96CA5	0	0	0	1	0
Q92506	0	0	1	0	0
P62072	0	1	0	0	0
Q9ULP0	1	0	0	0	0
Q9Y3A6	0	1	0	0	0
P04424	0	0	1	0	0
Q9HAV7	0	1	0	0	0
Q9NW38	0	0	0	1	0
Q8NB78	0	0	0	1	0
Q9P013	0	0	0	0	1
Q9UIJ5	0	1	0	0	0
Q8IX94	0	1	0	0	0
O43776	0	0	1	0	0
Q96GX9	0	0	1	0	0
P11586	0	0	1	0	0
Q8WVD5	0	0	0	1	0
Q9NPR2	1	0	0	0	0
P28070	0	0	0	1	0
P62333	0	0	0	1	0
Q99081	1	0	0	0	0
Q9UBK8	0	0	1	0	0
P04798	0	0	1	0	0
Q9UQ16	0	1	0	0	0
O95196	0	0	1	0	0
P19387	0	0	0	0	1
P23771	0	0	0	1	0
P61018	0	1	0	0	0
P28482	1	0	0	0	0
P11177	0	0	1	0	0
Q8TBP0	0	1	0	0	0
Q04759	1	0	0	0	0
Q7Z6J8	0	0	0	1	0
Q15700	0	1	0	0	0
O43143	0	0	0	0	1
P50219	1	0	0	0	0
Q8WUJ3	0	0	1	0	0
P78540	0	0	1	0	0
Q9NW64	0	0	0	0	1
Q02246	1	0	0	0	0
Q8TB36	0	1	0	0	0
Q9BV57	0	0	1	0	0
Q8TEB7	0	0	0	1	0
P29376	1	0	0	0	0
O14787	0	1	0	0	0
P01579	1	0	0	0	0
P21246	1	0	0	0	0
Q8TF09	0	1	0	0	0
Q92905	0	0	0	1	0
Q9H903	0	0	1	0	0
O75600	0	0	1	0	0
Q96DI7	0	0	0	0	1
O43592	0	1	0	0	0
Q9HAY2	0	0	0	1	0
Q9H0H5	1	0	0	0	0
O95954	0	0	1	0	0
Q8NFY9	0	0	0	1	0
Q96A25	0	1	0	0	0
Q15477	0	0	0	0	1
P50747	0	0	1	0	0
Q9HD42	0	1	0	0	0
Q14493	0	1	0	0	1
Q16401	0	0	0	1	0
O95295	1	1	0	0	0
O14662	0	1	0	0	0
P28332	0	0	1	0	0
P40939	0	0	1	0	0
P35269	0	0	0	0	1
Q8IWU2	0	1	0	0	0
Q92753	1	0	0	0	0
Q9UQB3	1	0	0	0	0
Q9H444	0	1	0	0	0
Q8IYB3	0	1	0	0	1
O14976	1	0	0	0	0
Q9BYV7	0	0	1	0	0
Q96EF6	0	0	0	1	0
P51606	0	0	1	0	0
Q9H2M3	0	0	1	0	0
P27635	0	1	0	0	1
Q9UJX5	0	0	0	1	0
Q96BH1	0	0	0	1	0
P23396	0	1	0	0	1
Q15386	0	0	0	1	0
Q96FV9	0	1	0	0	1
P46779	0	1	0	0	1
O15541	0	0	0	1	1
P01282	0	1	0	0	0
Q86VN1	0	1	0	0	0
Q9NRB3	0	0	1	0	0
Q9NS98	1	0	0	0	0
Q14469	1	0	0	0	0
Q9BV20	0	0	1	0	0
Q9GZS3	0	0	0	1	1
Q9H267	0	1	0	0	0
Q02750	1	0	0	0	0
Q9BYX4	0	0	0	1	0
P05387	0	1	0	0	1
Q7LBR1	0	1	0	0	0
O95373	0	1	0	0	0
Q15848	0	0	1	0	0
O00159	0	1	0	0	0
O00487	0	0	0	1	0
P24462	0	0	1	0	0
P54578	0	0	0	1	0
P19174	1	0	0	0	0
O94826	0	1	0	0	0
Q8NCM8	0	1	0	0	0
P40617	0	1	0	0	0
Q6P4R8	0	0	0	1	0
Q5SXM8	0	1	0	0	0
P27986	1	0	0	0	0
Q5SZQ8	0	0	0	0	1
Q8WZ73	0	0	0	1	0
Q9P0U3	0	0	0	1	0
P55735	0	1	0	0	0
P62877	0	0	0	1	0
Q6P2E9	0	0	0	0	1
P32969	0	1	0	0	1
Q9NX38	1	0	0	0	0
Q08426	0	1	1	0	0
O75312	1	0	0	0	0
Q8IUQ4	1	0	0	1	0
Q86T65	1	0	0	0	0
P28072	0	0	0	1	0
O60832	0	0	0	0	1
Q9UBQ7	0	0	1	0	0
P12755	1	0	0	0	0
P80511	0	1	0	0	0
Q8IVQ6	0	1	0	0	0
Q86UD3	0	0	0	1	0
Q96A47	1	0	0	0	0
Q9NQZ6	1	0	0	0	0
O95631	1	0	0	0	0
Q5D1E8	0	0	0	1	1
Q15165	0	0	1	0	0
Q9NPG1	1	0	0	0	0
Q92930	0	1	0	0	0
Q2M2D7	0	1	0	0	0
Q8IWQ3	1	0	0	0	0
P47895	0	0	1	0	0
Q8N5U6	1	0	0	1	0
A7MD48	1	0	0	0	1
Q9BVA1	1	0	0	0	0
Q14CW9	0	0	0	1	0
Q6PGP7	0	0	0	0	1
O95025	1	0	0	0	0
P53804	0	0	0	1	0
Q96IZ7	0	0	0	0	1
O60242	1	0	0	0	0
Q8TBQ9	0	1	0	0	0
Q8TBF2	0	0	1	0	0
Q9NXF8	0	1	0	0	0
Q9BY84	0	1	0	0	0
P61956	0	0	0	1	0
Q92973	0	1	0	0	0
Q96RI1	0	1	0	0	0
P34932	0	1	0	0	0
O00634	1	0	0	0	0
Q07020	0	1	0	0	1
P21549	0	1	1	0	0
Q05932	0	0	1	0	0
Q96A70	0	0	1	0	0
O60337	0	0	0	1	0
P10911	1	0	0	0	0
P12036	1	0	0	0	0
P22059	0	0	1	0	0
O95155	0	0	0	1	0
Q13107	0	0	0	1	1
Q8WU20	1	0	0	0	0
Q99684	1	0	0	0	0
Q969G2	1	0	0	0	0
P49591	0	0	1	0	0
A6NGG8	1	0	0	0	0
P78410	0	1	0	0	0
P05090	1	0	0	0	0
P55209	1	0	0	0	0
O94889	0	0	0	1	0
Q9ULB1	1	0	0	0	0
Q12904	0	0	1	0	0
P24752	0	0	1	0	0
P61247	0	1	0	0	1
Q9P2G9	0	0	0	1	0
Q8IV04	0	1	0	0	0
Q99459	0	0	0	0	1
Q5T9L3	0	1	0	0	0
P50552	1	0	0	0	0
O43809	0	0	0	0	1
Q13164	1	0	0	0	0
P62487	0	0	0	0	1
Q6ZWL3	0	0	1	0	0
P17787	1	0	0	0	0
P62820	0	1	0	0	0
O75891	0	0	1	0	0
Q15274	0	0	1	0	0
A5YM72	0	0	1	0	0
P62979	0	1	0	1	1
Q07954	0	1	0	0	0
P40926	0	0	1	0	0
Q9NVQ4	1	0	0	0	0
P07195	0	0	1	0	0
O14617	0	1	0	0	0
P15328	1	0	0	0	0
O14514	1	0	0	0	0
P05305	0	1	1	0	0
Q495C1	0	0	0	1	0
O43306	1	0	0	0	0
Q96JP5	0	0	0	1	0
Q15771	0	1	0	0	0
P29322	1	0	0	0	0
Q14699	0	1	0	0	0
O95140	0	1	0	0	0
Q8N2H9	0	0	0	1	0
Q969Q4	0	1	0	0	0
O00519	0	0	1	0	0
Q7Z449	0	0	1	0	0
Q969M7	0	0	0	1	0
Q8TAC9	0	1	0	0	0
Q9ULR0	0	0	0	0	1
Q9BZH6	0	1	0	0	0
P55085	0	1	0	0	0
Q15363	0	1	0	0	0
Q7Z4Q2	0	1	0	0	0
P22309	0	0	1	0	0
Q8N1G2	0	0	0	0	1
O00755	1	0	0	0	0
Q9P0L0	1	0	0	0	0
Q53FT3	0	1	0	0	0
Q9Y2W2	0	0	0	0	1
Q92823	1	0	0	0	0
Q13126	0	0	1	0	0
Q9P0U1	0	1	0	0	0
Q6ZNA4	0	0	0	1	0
Q92752	1	0	0	0	0
Q9BWJ5	0	0	0	0	1
O43283	1	0	0	0	0
Q7Z6E9	0	0	0	1	0
Q8NBQ7	0	1	0	0	0
O15305	0	1	0	0	0
O43242	0	0	0	1	0
Q8IYX1	0	1	0	0	0
Q12800	0	0	0	0	1
Q13247	0	1	0	0	1
P35579	0	1	0	0	0
Q9NRD1	0	0	0	1	0
Q86XE5	0	0	1	0	0
Q9GZT4	0	0	1	0	0
Q8IZN3	0	1	0	0	0
Q9UBU3	1	1	0	0	0
Q9NZ01	0	0	1	0	0
Q9Y679	0	1	0	0	0
P02461	1	0	0	0	0
O00499	1	0	0	0	0
Q2TAP0	0	1	0	0	0
Q9UJM8	0	1	1	0	0
Q92947	0	0	1	0	0
P49790	0	1	0	1	0
Q01813	0	0	1	0	0
P28288	0	0	1	0	0
Q7Z570	1	0	0	0	0
Q13308	1	0	0	0	0
Q96RL7	0	1	0	0	0
P06133	0	0	1	0	0
P30040	0	1	0	0	0
O94966	0	0	0	1	0
Q9BTE7	0	0	0	1	0
P62306	0	0	0	0	1
Q9NVE5	0	0	0	1	0
P17980	0	0	0	1	0
Q5TDP6	0	0	1	0	0
Q15041	0	1	0	0	0
Q9UPM6	1	0	0	0	0
O75330	0	0	1	0	0
O43752	0	1	0	0	0
Q4G0F5	0	1	0	0	0
P40925	0	0	1	0	0
P62330	1	1	0	0	0
P51857	0	0	1	0	0
Q9UPY3	1	0	0	0	0
P08473	1	0	0	0	0
Q6ZVC0	1	0	0	0	0
Q9C0J9	1	0	0	0	0
P78362	0	0	0	0	1
Q13123	0	0	0	0	1
Q00610	0	1	0	0	0
Q86TJ2	0	0	0	1	0
P78317	0	0	0	1	0
Q17R89	1	1	0	0	0
Q7Z3Z2	0	1	0	0	0
Q9BZG2	1	0	0	0	0
Q63HQ2	1	0	0	0	0
P14138	0	1	0	0	0
P43146	1	0	0	0	0
Q96D59	0	0	0	1	0
P49588	0	0	1	0	0
Q8IZD4	0	0	0	0	1
P11498	0	0	1	0	0
Q16602	0	1	0	0	0
Q04656	1	0	1	0	0
P52948	0	1	0	1	0
O75150	0	0	0	1	0
Q9BRX9	0	0	0	0	1
P57678	0	0	0	0	1
Q9UKM9	0	0	0	0	1
Q9NPA8	0	1	0	1	0
Q8WTR8	1	0	0	0	0
P00439	0	0	1	0	0
P54886	0	0	1	0	0
P28062	0	0	0	1	0
Q9Y5Y7	0	0	1	0	0
Q9HCL2	0	0	1	0	0
Q9UK22	0	0	0	1	0
P46736	0	0	0	1	0
Q8TEQ6	0	0	0	0	1
P61513	0	1	0	0	1
O75901	0	1	0	0	0
P00367	0	0	1	0	0
P17612	0	0	0	0	1
Q16864	0	1	0	0	0
Q9Y566	1	0	0	0	0
Q9C0B6	1	0	0	0	0
P52790	0	0	1	0	0
Q9UBF2	0	1	0	0	0
Q8NHG8	0	0	0	1	0
Q99942	0	0	0	1	0
Q8N2K1	0	0	0	1	0
Q8WVK2	0	0	0	0	1
Q9H2U1	1	0	0	0	0
Q9HCI6	0	0	0	1	0
O96019	0	0	0	1	0
P61218	0	0	0	0	1
P35052	1	0	0	0	0
Q92824	0	1	0	0	0
Q8IXN7	0	0	1	0	0
P18433	1	0	0	0	0
Q13435	0	0	0	0	1
Q68CK6	0	0	1	0	0
P22090	0	1	0	0	1
Q5S007	1	0	0	0	0
Q9UL12	0	0	1	0	0
P02786	0	1	0	0	0
P00480	0	0	1	0	0
P09622	0	0	1	0	0
O75937	0	0	0	0	1
Q9UM82	0	0	0	1	0
P54257	0	1	0	0	0
Q6UWM9	0	0	1	0	0
P61960	0	0	0	1	0
Q9BWF3	0	0	0	0	1
Q8IXB3	0	1	0	0	0
P28066	0	0	0	1	0
Q8IWX8	0	0	0	0	1
P45974	0	0	0	1	0
Q9UL26	0	1	0	0	0
Q96C36	0	0	1	0	0
Q5QGS0	1	0	0	0	0
P11142	0	1	0	0	1
Q7Z2Y5	1	0	0	0	0
Q86VQ0	0	1	0	0	0
P62753	0	1	0	0	1
Q9C0K7	0	1	0	0	0
Q86VS8	1	0	0	0	0
Q5W0Z9	0	1	0	0	0
P52788	0	0	1	0	0
Q14997	0	0	0	1	0
Q86US8	0	1	0	0	1
P51946	0	0	0	0	1
Q96PP8	0	1	0	0	0
Q15796	0	0	0	1	0
Q9P0Z9	0	1	1	0	0
Q9Y653	1	0	0	0	0
P40306	0	0	0	1	0
Q99748	1	0	0	0	0
P58876	0	0	0	1	0
P22680	0	0	1	0	0
P41743	1	1	0	0	0
Q92673	1	1	0	0	0
O94952	0	0	0	1	0
Q15005	0	1	0	0	0
Q86TI0	0	1	0	0	0
P15259	0	0	1	0	0
Q9NY30	1	0	0	0	0
P57740	0	1	0	1	0
P47974	0	0	0	0	1
P46821	1	0	0	0	0
O95865	0	0	1	0	0
Q16612	1	0	0	0	0
Q92932	0	1	0	0	0
P21810	0	0	1	0	0
Q99747	0	1	0	0	0
Q9P0P0	0	0	0	1	0
Q9NZN1	1	0	0	0	0
Q9NZQ0	0	1	0	0	0
Q14353	0	0	1	0	0
P61978	0	0	0	0	1
Q8WW62	0	1	0	0	0
Q9Y508	0	0	0	1	0
Q49AH0	1	0	0	0	0
P62701	0	1	0	0	1
P32248	0	1	0	0	0
Q92543	0	1	0	0	0
Q9UQB8	1	0	0	0	0
Q9UHX1	0	0	0	0	1
Q13620	0	0	0	1	0
Q8NBI3	1	0	0	0	0
P30876	0	0	0	0	1
Q53GD3	1	0	0	0	0
P21579	1	0	0	0	0
Q6UWE0	0	1	0	1	0
Q6W2J9	0	0	0	1	0
P62318	0	0	0	0	1
Q9H361	0	0	0	0	1
O60496	1	0	0	0	0
Q07666	0	0	0	0	1
P15848	1	0	0	0	0
Q9Y2T2	0	1	0	0	0
P58499	0	1	0	0	0
Q9NS61	1	0	0	0	0
Q96PZ0	0	0	0	0	1
Q9UBK2	0	0	1	0	1
Q9Y4H2	1	0	0	0	0
A8MQ27	0	1	0	0	0
P52294	0	1	0	0	0
O00303	0	0	0	1	0
P08238	1	0	0	0	0
Q10570	0	1	0	0	1
Q9UEU0	0	1	0	0	0
P52756	0	0	0	0	1
Q8TAD8	0	0	0	0	1
Q9UKZ4	1	0	0	0	0
Q9H2E6	1	0	0	0	0
Q8IUZ5	0	0	1	0	0
Q9ULV1	1	0	0	0	0
P20339	0	1	0	0	0
Q9H4Q4	1	0	0	0	0
Q96HZ4	1	0	0	0	0
Q9C0C2	0	0	0	0	1
P98161	0	1	0	0	0
Q96I59	0	0	1	0	0
Q93070	0	0	1	0	0
Q8NAT1	1	0	0	0	0
P04075	0	0	1	0	0
Q9H0F6	0	0	0	1	0
P60484	1	0	0	1	0
Q99853	1	0	0	0	0
Q9NSC5	0	1	0	0	0
P53350	0	0	0	1	0
P61981	1	0	0	0	0
P68036	0	0	0	1	0
Q9UJ83	0	1	1	0	0
P61296	1	0	0	0	0
Q9NYB9	1	0	0	0	0
P09603	1	0	0	0	0
O95185	1	0	0	0	0
Q9UPN9	0	0	0	1	0
Q9UJ55	0	0	0	1	0
Q6PIY7	0	0	0	0	1
P31937	0	0	1	0	0
Q9Y6Y8	0	1	0	0	0
Q8WXX7	1	0	0	0	0
P98177	0	0	0	1	0
P00325	0	0	1	0	0
P07686	0	0	1	0	0
P48436	1	0	0	0	0
P36406	0	1	0	1	0
P55060	0	1	0	0	0
P18509	1	1	0	0	0
Q9UHC7	0	0	0	1	0
Q96MS0	1	0	0	0	0
P08476	1	0	0	0	0
P62987	0	1	0	1	1
O00481	0	1	0	0	0
Q86XF0	0	0	1	0	0
Q96NA2	0	1	0	0	0
Q96SZ6	1	0	0	0	0
P52209	0	0	1	0	0
Q5EBL8	0	0	1	0	0
Q9UJA5	0	0	0	0	1
Q9GZR1	0	0	0	1	0
P18825	1	0	0	0	0
Q9HAW7	0	0	1	0	0
P41252	0	0	1	0	0
Q9BVN2	0	0	0	1	0
O14980	0	1	0	0	0
Q92574	0	1	0	0	0
Q9BT30	0	0	1	0	0
P41271	1	0	0	0	0
Q12962	0	0	0	1	0
Q8WXH4	0	0	0	1	0
Q9H3T2	1	0	0	0	0
P04062	1	0	0	0	0
Q8IZD0	1	0	0	0	0
Q86U44	1	0	0	0	1
Q99627	0	0	0	1	0
P04054	0	0	1	0	0
P08243	0	0	1	0	0
Q12926	0	0	0	0	1
Q9UBT2	0	0	0	1	0
Q9Y6I7	0	0	0	1	0
Q9Y4E5	0	0	0	1	0
Q9NUU6	0	0	0	1	0
Q13464	1	0	0	0	0
Q8ND25	0	0	0	1	0
P10809	0	1	0	0	0
P13489	0	0	0	0	1
Q9ULJ8	1	0	0	0	0
Q00613	0	0	0	0	1
O15265	0	0	0	1	0
P17252	1	0	0	0	0
Q9P2N7	0	0	0	1	0
Q9H0F5	0	0	0	1	0
Q9NQW1	0	1	0	0	0
Q6UXZ4	1	0	0	0	0
P36578	0	1	0	0	1
P46934	1	1	0	1	0
P61201	0	0	0	1	0
Q8TBZ3	0	0	0	1	0
Q8TC07	0	1	0	0	0
Q13530	0	0	1	0	0
Q5XUX0	0	0	0	1	0
Q9BXD5	0	0	1	0	0
Q8TE12	1	0	0	0	0
Q16647	0	0	1	0	0
P50613	0	0	0	0	1
Q9Y261	1	0	0	0	0
Q8WVC0	0	0	0	1	1
P34096	0	0	0	0	1
Q969Z0	0	0	0	0	1
Q9UL45	1	0	0	0	0
O75928	0	0	0	1	0
Q9H334	0	1	0	0	0
Q8NE65	0	0	0	1	0
P61204	0	1	0	0	0
P05062	0	0	1	0	0
Q96DX8	0	1	0	0	0
P11161	0	1	0	1	0
O14744	0	0	0	0	1
P61457	0	0	1	0	0
Q96RQ9	0	0	1	0	0
Q9H461	1	0	0	0	0
Q14147	0	0	0	0	1
Q9NYP7	0	0	1	0	0
Q13387	1	0	0	0	0
P07948	1	0	0	0	0
P12643	1	0	0	0	0
P41002	0	0	0	1	0
O75521	0	1	1	0	0
O75503	1	0	0	0	0
P08319	0	0	1	0	0
P09693	0	1	0	0	0
P14373	0	1	0	1	0
Q6IQ32	1	0	0	0	0
O60826	0	0	0	1	0
Q68DV7	0	0	0	1	0
Q15303	1	0	0	0	0
Q9P1Y5	0	1	0	0	0
Q6IMN6	1	0	0	0	0
Q6P531	0	0	1	0	0
Q15007	0	0	0	0	1
Q15717	0	0	0	0	1
P61073	1	0	0	0	0
Q9H7M6	1	0	0	0	0
Q01974	1	0	0	0	0
P23515	1	0	0	0	0
Q6NW34	1	0	0	0	0
Q92624	0	1	0	0	0
O75436	0	1	0	0	0
P20813	0	0	1	0	0
Q9UMS4	0	0	0	1	1
Q9Y512	0	1	0	0	0
O75379	0	1	0	0	0
Q2TBE0	0	0	0	0	1
Q6PHW0	0	0	1	0	0
Q9UBV2	0	1	0	0	0
O95294	1	0	0	0	0
P46459	0	1	0	0	0
Q9Y5L0	0	1	0	0	0
Q8TEM1	0	1	0	1	0
Q7L523	0	0	0	1	0
P26196	0	0	0	0	1
Q9NSC2	1	0	0	0	0
Q96JP9	1	0	0	0	0
Q14194	1	0	0	0	0
Q14162	1	0	0	0	0
Q9Y6A2	0	0	1	0	0
Q9H9T3	1	0	0	0	0
O60318	0	1	0	0	0
Q9BY49	0	1	1	0	0
Q5VYS8	0	0	0	0	1
O43765	0	1	0	0	0
Q9UK23	0	1	0	0	0
P62166	1	0	0	0	0
Q9NYK6	1	0	0	0	0
Q9UGI0	0	0	0	1	0
O75553	1	0	0	0	0
Q9UBF6	0	0	0	1	0
Q14894	0	0	1	0	0
P82979	0	1	0	0	1
P48539	1	0	0	0	0
Q16623	0	1	0	1	0
Q4G176	0	0	1	0	0
Q14397	0	1	0	0	0
Q99972	1	0	0	0	0
Q02962	1	0	0	0	0
Q96A65	0	1	0	0	0
Q9C0C9	0	0	0	1	0
Q9Y3C8	0	0	0	1	0
Q02809	0	0	1	0	0
Q9BVK6	0	1	0	0	0
Q9HCE1	1	0	0	0	1
P49137	0	0	1	0	0
P26441	1	0	0	0	0
Q13432	0	1	0	0	0
Q9H2M9	0	1	0	0	0
Q96GF1	0	0	0	1	0
O94913	0	0	0	0	1
P61923	0	1	0	0	0
Q9BYV1	0	0	1	0	0
Q6UX98	0	1	0	0	0
Q9UHP3	0	0	0	1	0
P14550	0	0	1	0	0
Q6NT55	0	0	1	0	0
Q9NWU1	0	0	1	0	0
Q86SK9	0	0	1	0	0
Q9P2I0	0	1	0	0	1
Q9HCG7	1	0	1	0	0
Q9H0F7	0	1	0	0	0
P0CG48	0	1	0	1	0
Q8N6W0	0	0	0	0	1
P10415	0	0	0	1	0
Q96QU8	0	1	0	0	0
Q99437	0	1	0	0	0
Q9Y2L5	0	1	0	0	0
Q15428	0	0	0	0	1
Q9NQ87	1	0	0	0	0
Q13951	0	0	0	1	0
Q8NHM5	0	0	0	1	0
Q9BY11	1	0	0	0	0
Q9NZR2	0	1	0	0	0
O00712	1	0	0	0	0
P42330	0	0	1	0	0
P41225	1	0	0	0	0
Q92738	0	1	0	0	0
Q99619	0	0	0	1	0
Q04760	0	0	1	0	0
Q9ULT8	0	0	0	1	0
Q9Y303	0	0	1	0	0
P14415	1	0	0	0	0
Q86SE9	0	0	0	1	0
P24928	0	0	0	0	1
Q9Y256	0	0	0	1	0
P62807	0	0	0	1	0
Q86UD7	0	1	0	0	0
P29474	0	0	1	0	0
Q5TC82	0	0	0	1	1
P00505	0	0	1	0	0
Q8IYP9	0	1	0	0	0
Q9NZ52	0	1	0	0	0
P53597	0	0	1	0	0
P51665	0	0	0	1	0
Q16851	0	0	1	0	0
Q8IWU4	0	1	0	0	0
Q9UL46	0	0	0	1	0
Q9H9P2	1	0	0	0	0
Q9H2C1	1	0	0	0	0
P01375	1	0	0	0	0
Q9H9H4	0	1	0	0	0
P34913	0	1	1	0	0
Q86XR7	0	1	0	0	0
Q86U70	1	0	0	0	0
P62241	0	1	0	0	1
P05026	0	1	0	0	0
Q9H469	0	0	0	1	0
Q9Y4C0	1	0	0	0	0
P41221	1	0	0	0	0
P14598	0	1	0	0	0
Q9H1J1	0	0	0	0	1
Q9NZJ7	1	0	0	0	0
Q9NR61	1	0	0	0	0
P52298	0	1	0	0	1
Q9Y2Y6	1	0	0	0	0
O00548	1	0	0	0	0
Q9NRN7	0	0	1	0	0
Q9P267	0	0	0	1	0
P22466	0	1	0	0	0
P63220	0	1	0	0	1
P48444	0	1	0	0	0
Q05048	0	0	0	0	1
O00194	0	1	0	0	0
P11277	1	0	0	0	0
Q9NTN9	1	0	0	0	0
O14964	0	1	0	1	0
Q75N03	0	0	0	1	1
P16050	0	0	1	0	0
O95754	1	0	0	0	0
Q13740	1	0	0	0	0
Q01081	0	1	0	0	1
Q3ZCQ8	0	1	0	0	0
O60306	0	0	0	0	1
P14868	0	0	1	0	0
Q8WWH5	0	0	0	0	1
P51659	0	1	1	0	0
O95343	1	0	0	0	0
Q5T013	0	0	1	0	0
P15374	0	0	0	1	0
Q9P2X3	1	0	0	0	0
Q12864	0	1	0	0	0
Q8N8N7	0	0	1	0	0
P01024	1	0	0	0	0
Q2TAY7	0	0	0	0	1
Q92830	0	0	0	1	0
P62834	1	0	0	0	0
Q53H12	0	1	0	0	0
Q96JB5	1	0	0	1	0
P08684	0	0	1	0	0
O00488	0	1	0	0	0
Q8IWV2	1	0	0	0	0
Q9UBE0	0	0	0	1	0
O75084	1	0	0	0	0
Q92633	1	0	0	0	0
P15428	0	0	1	0	0
Q5T2D3	0	0	0	1	0
Q8TE49	0	0	0	1	0
Q9BXC9	0	1	0	0	0
Q8IYB8	0	0	0	0	1
P23141	0	0	1	0	0
Q8NEZ2	0	1	0	0	0
P46776	0	1	0	0	1
P49419	0	0	1	0	0
O15126	0	1	0	0	0
P11166	0	0	1	0	0
Q9P299	0	1	0	0	0
P50876	0	0	0	1	0
P25054	0	0	0	1	0
Q9UIW0	1	0	0	0	0
Q9UHY7	0	0	1	0	0
Q9H0T7	1	1	0	0	0
Q12986	0	0	0	1	0
Q13216	0	0	0	1	0
Q9BQT8	0	0	1	0	0
Q96H20	0	1	0	0	0
P54764	1	0	0	0	0
P42285	0	0	0	0	1
Q9UPR3	0	1	0	0	1
P31327	0	0	1	0	0
Q13191	0	1	0	0	0
Q13868	0	0	0	0	1
P09960	0	0	1	0	0
Q9NRS6	0	1	0	0	0
P49914	0	0	1	0	0
Q9GZM8	1	0	0	0	0
O94955	1	0	0	0	0
O14578	1	0	0	0	0
P55081	0	0	0	0	1
O15031	1	0	0	0	0
Q13049	1	0	0	1	0
Q96PH1	0	1	0	0	0
A8MXV4	0	1	1	0	0
O95319	0	0	0	0	1
P83731	0	1	0	0	1
Q15040	0	0	0	1	0
Q9H0Y0	0	0	0	1	0
Q99797	0	1	0	0	0
Q9Y4D2	0	0	1	0	0
Q9Y219	1	0	0	0	0
P29320	1	0	0	0	0
P48775	0	0	1	0	0
O95760	0	0	0	1	0
P31943	0	0	0	0	1
P49903	0	0	1	0	0
Q9BVV7	0	1	0	0	0
P30084	0	0	1	0	0
Q8WUJ0	0	1	0	0	0
P12270	0	1	0	1	0
Q9UFF9	0	0	0	0	1
P78509	1	0	0	0	0
Q9C0C4	1	0	0	0	0
Q9H2T7	0	1	0	0	0
Q9H1B4	0	1	0	0	0
Q3T906	0	1	0	0	0
Q8WVD3	0	0	0	1	0
O43290	0	0	0	0	1
Q30201	0	1	0	0	0
Q7L1T6	0	1	0	0	0
Q13011	0	1	0	0	0
Q9H4L5	0	0	1	0	0
A6NIH7	0	1	0	0	0
Q99453	1	0	0	0	0
P52803	1	0	0	0	0
Q5VVX9	0	0	0	1	0
O75366	1	0	0	0	0
Q9Y487	0	1	0	0	0
P35228	0	1	1	0	0
Q86SQ7	1	0	0	0	0
Q9P2K5	1	0	0	0	0
Q06787	1	0	0	0	0
Q12769	0	1	0	1	0
P62304	0	0	0	0	1
Q7Z6J0	1	0	0	1	0
Q86T82	0	0	0	1	0
Q96NW7	1	1	0	0	0
Q5TCY1	1	0	0	0	0
P04233	0	1	1	0	0
Q8N488	0	0	0	1	0
P20916	1	0	0	0	0
P29353	1	0	0	0	0
Q13888	0	0	0	0	1
O95232	0	0	0	0	1
Q15393	0	0	0	0	1
Q9Y2X8	0	0	0	1	0
P56177	1	0	0	0	0
Q8TAG6	1	0	0	0	0
Q99622	1	0	0	0	0
Q96H78	0	0	1	0	0
O75840	1	0	0	0	0
Q5FVE4	0	0	1	0	0
P84077	0	1	0	0	0
O76094	0	1	0	0	0
Q9Y2M5	0	0	0	1	0
P10114	1	0	0	0	0
O75694	0	1	0	1	0
P07910	0	0	0	0	1
O95628	0	0	0	1	1
P26599	0	0	0	0	1
Q02790	1	0	0	0	0
P09661	0	0	0	0	1
Q5EBL4	0	1	0	0	0
O94906	0	0	0	0	1
Q9NRC6	1	0	0	0	0
O14813	1	0	0	0	0
Q9Y617	0	0	1	0	0
P54136	0	0	1	0	0
Q07955	0	1	0	0	1
O95071	0	0	0	1	0
Q01973	1	0	0	0	0
Q9BRT6	1	0	0	0	0
P17677	1	0	0	0	0
Q9NVW2	0	0	0	1	0
Q9NZU0	1	0	0	0	0
Q9NQT4	0	0	0	0	1
Q9BZF3	0	0	1	0	0
Q92529	1	0	0	0	0
Q96GA7	0	0	1	0	0
P28039	0	0	1	0	0
Q9Y3I1	1	1	0	1	0
Q9P2E2	0	1	0	0	0
Q9HBX8	1	0	0	0	0
P47914	0	1	0	0	1
P00734	1	0	0	0	0
Q6IB77	0	0	1	0	0
P61009	0	1	0	0	0
Q9HAU4	0	0	0	1	0
Q08170	0	1	0	0	1
Q8IWJ2	0	1	0	0	0
P38606	0	1	0	0	0
Q6QNY1	1	0	0	0	0
Q92769	1	0	0	0	0
Q15546	1	0	0	0	0
O43708	0	0	1	0	0
Q9HAU5	0	1	0	0	1
Q92839	0	0	1	0	0
Q9HBG6	0	1	0	0	0
Q96NC0	0	0	0	0	1
P51648	0	0	1	0	0
Q9UPX6	1	0	0	0	0
Q9NU19	0	1	0	0	0
Q9H0M0	0	0	0	1	0
Q00535	1	0	0	0	0
Q6PCD5	0	0	0	1	0
P07738	0	0	1	0	0
P06307	1	0	0	0	0
Q9NPJ4	0	0	0	0	1
P09936	0	0	0	1	0
P05165	0	0	1	0	0
P53985	0	0	1	0	0
P84103	0	1	0	0	1
P09104	0	0	1	0	0
Q5VTB9	0	0	0	1	0
P49748	0	0	1	0	0
Q13332	1	0	0	0	0
Q0GE19	0	1	0	0	0
Q9UBD9	1	0	0	0	0
Q5I0G3	0	0	1	0	0
Q9NQ38	1	0	0	0	0
Q8N726	0	0	0	1	0
P54687	0	0	1	0	0
Q8N4P2	0	1	0	0	0
P30038	0	0	1	0	0
P61011	0	1	0	0	0
P62875	0	0	0	0	1
Q9NPG4	1	0	0	0	0
O75385	1	0	0	0	0
Q86UN3	1	0	0	0	0
Q9P035	0	0	1	0	0
P25787	0	0	0	1	0
Q9NYQ3	0	1	1	0	0
Q86U42	0	1	0	0	1
Q9BYK8	0	0	0	0	1
P40763	1	1	0	0	0
P39880	1	0	0	0	0
Q92499	0	0	0	0	1
Q92564	0	0	0	1	0
P51965	0	0	0	1	0
Q9ULL4	1	0	0	0	0
Q9P202	1	0	0	0	0
Q9Y2C9	0	1	0	0	0
P22307	0	1	1	0	0
Q14678	1	0	0	0	0
P38432	0	0	0	0	1
Q96B02	0	0	0	1	0
Q86TC9	1	0	0	0	0
P06858	0	0	1	0	0
P21675	0	0	0	1	0
Q9P217	1	0	0	0	0
Q13009	1	0	0	0	0
Q4L235	0	0	1	0	0
P10909	0	1	0	0	0
Q9NXB9	0	0	1	0	0
Q9UIA9	0	1	0	0	0
Q2YD98	0	0	0	1	0
P49589	0	0	1	0	0
Q9BQF6	0	0	0	1	0
P06730	0	1	0	0	0
P10635	0	0	1	0	0
O14818	0	0	0	1	0
Q5R372	0	1	0	0	0
Q9UIQ6	0	0	0	1	0
Q6ZP65	1	0	0	0	0
Q6NSI3	0	1	0	0	0
Q96A72	0	1	0	0	1
P50440	0	0	1	0	0
Q8N461	0	0	0	1	0
O75093	1	0	0	0	0
Q9HB63	1	0	0	0	0
Q8IYU2	0	0	0	1	0
Q01167	0	0	1	1	0
Q9UL54	1	1	0	0	0
P54105	0	0	0	0	1
P61026	1	1	0	0	0
P07585	0	0	1	0	0
P34741	1	0	0	0	0
O00294	1	0	0	0	0
Q9HCI7	0	0	0	1	0
P00374	1	0	1	0	0
Q9NYF3	0	1	0	0	0
P01106	0	0	0	1	0
P04818	0	0	1	0	0
Q9NZS9	0	0	0	1	0
P47712	0	0	1	0	0
Q9HAV4	0	1	0	0	0
P19622	1	0	0	0	0
Q6TFL4	0	0	0	1	0
P62495	0	0	0	0	1
Q86XK2	0	0	0	1	0
P14678	0	0	0	0	1
Q9NS56	1	0	0	1	0
P28370	1	0	0	0	0
O15234	0	1	0	0	1
Q6IBS0	1	0	0	0	0
P61221	0	1	0	0	0
Q96P16	0	0	0	0	1
P04181	0	0	1	0	0
P24723	1	0	0	0	0
P23219	0	0	1	0	0
Q9H4Z3	0	0	0	0	1
P08865	0	1	0	0	1
Q8TF61	0	0	0	1	0
Q9Y587	0	1	0	0	0
Q8NFH4	0	1	0	1	0
P25490	0	0	0	1	0
Q9BXI6	0	1	0	0	0
Q9Y6B6	0	1	0	0	0
Q9GZZ7	1	0	0	0	0
O75175	0	0	0	0	1
P19447	1	0	0	0	1
O15127	0	1	0	0	0
Q9NVG8	0	1	0	0	0
Q13155	0	0	1	0	0
Q70CQ4	0	0	0	1	0
O43766	0	0	1	0	0
O15118	0	0	1	0	0
Q9Y2D8	0	1	0	0	0
Q8IWV8	0	0	0	1	0
Q15637	0	0	0	0	1
P26651	0	0	0	0	1
P07550	0	0	0	1	0
P33260	0	0	1	0	0
Q7L5N1	0	0	0	1	0
P47928	1	0	0	0	0
Q13322	1	0	0	0	0
P62857	0	1	0	0	1
Q9BW60	0	0	1	0	0
Q9H9Q2	0	0	0	1	0
O15294	0	0	0	1	0
Q8N5I2	0	1	0	1	0
Q8WTR7	0	0	0	0	1
P98164	1	0	0	0	0
Q96M02	0	0	0	1	0
P42357	0	0	1	0	0
Q8N668	0	0	0	1	0
O60890	1	0	0	0	0
Q9UH77	0	0	0	1	0
Q9UKT7	0	0	0	1	0
Q14767	0	1	0	0	0
Q9UJU6	1	0	0	0	0
P62277	0	1	0	0	1
Q96DE5	0	0	0	1	0
P62308	0	0	0	0	1
Q9H7L9	0	0	0	1	0
Q5M7Z0	0	0	0	1	0
O15014	1	0	0	0	0
Q86YS6	0	1	0	0	0
Q99436	0	0	0	1	0
O75326	1	0	0	0	0
P51610	0	0	0	1	0
Q9BZI7	0	1	0	0	1
Q9HBD1	0	0	0	1	0
O60684	0	1	0	0	0
O60725	0	1	0	0	0
Q96FV3	0	0	0	1	0
Q96FA3	0	0	0	1	0
O00231	0	0	0	1	0
Q9NWT8	0	0	0	0	1
O00141	1	0	0	0	0
Q8N8D1	0	0	0	0	1
P43378	1	0	0	0	0
P01130	1	0	0	0	0
O75526	0	0	0	0	1
Q8N2H4	0	1	0	0	0
Q7Z3B4	0	1	0	1	0
Q12846	0	1	0	0	0
P62861	0	1	0	0	1
Q9UJY5	0	1	0	0	0
Q9UF56	0	0	0	1	0
Q9BZR6	1	0	0	0	0
P25963	0	0	0	1	0
P98172	1	0	0	0	0
Q99574	1	0	0	0	0
O60895	0	1	0	0	0
Q13263	0	0	0	1	0
Q07960	0	1	0	0	0
P12955	0	0	1	0	0
O60870	0	0	0	0	1
Q9BXJ7	0	1	0	0	0
Q6P4F1	0	1	0	0	0
Q9Y6Q5	0	1	0	0	0
P23229	1	0	0	0	0
O43933	0	1	0	0	0
Q6NVY1	0	0	1	0	0
Q02410	0	1	0	0	0
O95822	0	1	1	0	0
Q5T0T0	0	0	0	1	0
Q9GZZ9	0	0	0	1	0
Q96AX2	0	1	0	0	0
Q86UK7	0	0	0	1	0
Q149N8	0	0	0	1	0
Q9H3S1	1	0	0	0	0
P42574	1	0	0	0	0
Q96EE3	0	1	0	1	0
Q9BSU1	0	1	0	0	0
Q4G0S4	0	0	1	0	0
Q86WG3	1	0	0	0	0
P54922	0	1	0	0	0
Q8WV41	0	1	0	0	0
Q8TCS8	0	0	0	0	1
Q9UDW3	0	0	0	0	1
Q96RU2	0	0	0	1	0
Q6NXP6	0	0	1	0	0
P28161	0	0	1	0	0
P51159	0	1	0	0	0
Q8TEC5	0	0	0	1	0
Q9NPE2	1	0	0	0	0
Q13564	0	0	0	1	0
Q96T58	1	0	0	0	0
Q9Y4E8	0	0	0	1	0
Q9UNK0	0	1	0	0	0
Q9NPJ8	0	1	0	0	0
O95907	0	0	1	0	0
Q8N9F0	0	0	1	0	0
Q7L5Y6	0	0	0	1	0
Q9ULC3	0	1	0	0	0
O43147	0	1	0	0	0
Q8WU17	0	0	0	1	0
Q9Y252	1	0	0	1	0
Q9UMR2	0	1	0	0	0
P20132	0	0	1	0	0
P40305	0	0	0	1	0
Q13114	0	0	0	1	0
Q3I5F7	0	0	1	0	0
Q04917	1	1	0	0	0
Q8TEY7	1	0	0	1	0
Q15493	0	0	1	0	0
P19388	0	0	0	0	1
Q08495	0	1	0	0	0
O00308	0	0	0	1	0
O15041	1	0	0	0	0
O14556	0	0	1	0	0
P61619	0	1	0	0	0
Q9UQC2	1	0	0	0	0
Q9Y2S2	0	0	1	0	0
O75509	1	0	0	0	0
P41214	0	1	0	0	0
P45381	0	0	1	0	0
P55786	0	0	0	1	0
Q6ZMN7	0	0	0	1	0
Q15050	0	1	0	0	0
Q8N8Q8	0	1	0	0	0
P60709	1	0	0	1	0
Q9NQ29	0	0	0	0	1
Q6PCB8	1	0	0	0	0
Q03468	1	0	0	0	0
P06748	0	1	0	0	0
Q8TDX6	0	0	1	0	0
Q6X9E4	0	0	0	1	0
Q17RB8	0	0	0	1	0
Q9BV90	0	0	0	0	1
O60359	0	1	0	0	0
P28065	0	0	0	1	0
Q9UPM8	0	1	0	0	0
Q16739	1	0	0	0	0
Q9UIW2	1	0	0	0	0
Q8N4G2	0	1	0	0	0
P62316	0	0	0	0	1
Q15648	1	0	0	0	1
P59025	0	1	0	0	0
P53367	0	1	0	0	0
Q9NQG5	0	0	0	0	1
Q8WU03	0	0	1	0	0
Q9H6I2	0	0	0	0	1
O60858	0	0	0	1	0
Q8NHE4	0	1	0	0	0
P35354	0	0	1	0	0
Q9Y2F9	1	0	0	0	0
O75881	0	0	1	0	0
Q9UBB9	0	0	0	0	1
Q96DE0	0	0	0	0	1
Q9BRR8	0	0	0	0	1
Q8N159	0	0	1	0	0
Q9HCC6	1	0	0	0	0
P22314	0	0	0	1	0
Q9Y4W6	1	0	0	0	0
O15254	0	1	1	0	0
Q9NUJ1	0	0	1	0	0
O77932	0	0	0	0	1
Q9BYJ1	0	0	1	0	0
P23560	1	0	0	0	0
Q6PI48	0	0	1	0	0
P08579	0	0	0	0	1
Q8TEJ3	0	0	0	1	0
O00116	0	1	0	0	0
Q9NRD5	1	1	0	0	0
P40429	0	1	0	0	1
P52952	1	0	0	0	0
P36543	0	1	0	0	0
Q96MT3	0	1	0	0	0
Q9C035	0	0	0	1	0
Q15800	0	0	1	0	0
Q05086	0	0	0	1	0
Q9H5J4	0	0	1	0	0
P61289	0	0	0	1	0
O95376	0	0	0	1	0
P37231	0	1	1	0	0
Q8WY64	1	0	0	1	0
O94915	1	0	0	0	0
Q86UL8	1	0	0	0	0
O00330	0	0	1	0	0
Q92733	0	0	0	0	1
P50897	1	1	0	0	0
Q13573	1	0	0	0	1
O43272	0	0	1	0	0
Q8TAC2	0	0	0	1	0
P38919	0	1	0	0	1
Q14103	0	0	0	0	1
Q7L014	0	0	0	0	1
Q9NUY8	1	0	0	0	0
P0C2W1	0	0	0	1	0
Q12849	0	0	0	0	1
Q16288	1	0	0	0	0
Q13523	0	0	0	0	1
Q6PCE3	0	0	1	0	0
P16444	0	0	1	0	0
O14782	0	1	0	0	0
Q9UBB6	1	0	0	0	0
Q01101	1	0	0	0	0
Q9UGH3	0	0	1	0	0
Q08AH1	0	0	1	0	0
Q13488	0	1	0	0	0
O95970	1	0	0	0	0
Q96NZ1	1	0	0	0	0
Q15334	1	0	0	0	0
Q9ULI2	0	0	1	0	0
Q05193	0	1	0	0	0
O76039	1	0	0	0	0
Q5W0B1	0	0	0	1	0
Q13275	1	0	0	0	0
Q9NZ94	1	0	0	0	0
Q9NQR4	0	0	1	0	0
Q96QC0	0	1	0	0	0
P29144	0	0	0	1	0
Q14114	1	0	0	0	0
Q9BUJ2	0	0	0	0	1
P58400	1	0	0	0	0
Q8TC41	0	0	0	1	0
P22626	0	1	0	0	1
P54756	1	0	0	0	0
P21802	1	0	0	0	0
Q8IYT2	0	0	0	0	1
P78406	0	1	0	1	0
Q99578	1	0	0	0	0
Q9NQ69	1	0	0	0	0
P13521	0	1	0	0	0
P08581	1	0	0	0	0
P51784	0	0	0	1	0
Q9Y5X2	0	1	0	0	0
Q86WA6	0	0	1	0	0
P30304	0	0	0	1	0
Q9H9G7	0	0	0	0	1
O14594	0	0	1	0	0
Q99798	0	0	1	0	0
Q3V6T2	1	0	0	0	0
P10275	0	0	0	1	0
Q32P28	1	0	0	0	0
Q92759	0	0	0	0	1
P23435	1	0	0	0	0
O94925	0	0	1	0	0
Q9Y574	0	0	0	1	0
Q9UKT8	0	0	0	1	0
Q7LC44	1	0	0	0	0
Q9P242	1	0	0	0	0
Q99594	1	0	0	0	0
Q53TQ3	0	0	0	1	0
Q9UKK6	0	1	0	0	0
Q69YN2	0	0	0	0	1
Q96JT2	1	0	0	0	0
Q96N03	1	0	0	0	0
Q9NP77	0	0	0	0	1
Q15029	0	0	0	0	1
Q32ZL2	1	0	0	0	0
P49768	1	0	0	0	0
P33176	1	1	0	0	0
Q14145	0	0	0	1	0
O75426	0	0	0	1	0
Q9ULT6	0	0	0	1	0
P41235	0	0	1	0	0
Q8WXI4	0	0	1	0	0
Q9UJX4	0	0	0	1	0
Q6UXK2	1	0	0	0	0
Q16630	0	0	0	0	1
Q9UKV8	0	0	0	0	1
P21730	0	0	0	0	1
P46782	0	1	0	0	1
P12694	0	0	1	0	0
Q13637	0	1	0	0	0
P00387	0	0	1	0	0
A2RTX5	0	0	1	0	0
P16383	0	0	0	0	1
P48163	0	0	1	0	0
Q8N9S9	0	1	0	0	0
P61371	1	0	0	0	0
O15400	0	1	0	0	0
O95759	0	1	0	0	0
P0C0E4	0	1	0	0	0
Q16620	1	0	0	0	0
Q9UHK6	0	1	1	0	0
P20592	0	1	0	0	0
P51148	0	1	0	0	0
P52789	0	0	1	0	0
P11940	0	0	0	0	1
Q8TAA5	0	1	0	0	0
P42338	1	0	0	0	0
P62826	0	1	0	0	0
Q9Y6E0	1	0	0	0	0
Q96MU7	0	1	0	0	1
Q13480	1	0	0	0	0
P52594	0	1	0	0	0
Q96LB3	0	1	0	0	0
Q9UG01	0	1	0	0	0
Q12837	1	0	0	0	0
O00148	0	1	0	0	1
Q15904	0	1	0	0	0
Q9Y6N9	1	0	0	0	0
P38398	0	0	0	1	0
Q96AP0	0	1	0	0	0
P61970	0	1	0	0	0
P23786	0	0	1	0	0
Q8TEW6	1	0	0	0	0
Q03013	0	0	1	0	0
Q9Y2N7	0	0	0	1	0
O14653	0	1	0	0	0
Q99489	0	1	1	0	0
P29317	1	0	0	0	0
P07093	1	0	0	0	0
O95391	0	1	0	0	1
Q6PD62	0	0	0	1	0
Q9BQQ7	0	1	0	0	0
Q02318	0	0	1	0	0
P24530	1	0	0	0	0
Q92523	0	0	1	0	0
P40616	0	1	0	0	0
O00329	1	0	0	0	0
Q9NQ86	0	0	0	1	0
Q9UL15	1	0	0	0	0
P14735	0	1	0	0	0
P25325	0	0	1	0	0
Q8NCQ5	0	0	0	1	0
Q14032	0	1	1	0	0
Q99962	1	0	0	0	0
O75534	0	0	0	0	1
Q8IUH5	0	1	0	0	0
O75475	0	0	0	0	1
O00170	0	1	0	0	0
O43148	0	0	0	0	1
O00505	0	1	0	0	0
Q9NTX7	0	0	0	1	0
Q15427	0	0	0	0	1
Q12794	0	0	1	0	0
Q9HBL6	1	0	0	0	0
O00623	0	1	0	1	0
Q9UPU7	0	1	0	0	0
P23528	1	0	0	0	0
Q07687	1	0	0	0	0
Q6PI77	1	0	0	0	0
P53801	0	1	0	0	0
O43660	0	0	0	0	1
O00748	0	0	1	0	0
O15397	0	1	0	0	0
P55075	1	0	0	0	0
Q8WXS5	0	1	0	0	0
Q6ZT12	0	0	0	1	0
P20338	0	1	0	0	0
Q8WW12	0	0	0	1	0
P56705	1	0	0	0	0
Q9H4Z2	1	0	0	0	0
Q9UPN6	0	0	0	0	1
Q9H8X9	0	1	0	0	0
Q13309	0	0	0	1	0
O94972	0	0	0	1	0
Q9NQC7	0	0	0	1	0
Q13438	0	1	0	1	0
P32856	0	1	0	0	0
O60931	0	0	1	0	0
Q13485	0	0	0	1	0
P48506	0	0	1	0	0
Q969M1	0	1	0	0	0
P20248	0	0	0	1	0
Q96FT9	0	1	0	0	0
Q2TB90	0	0	1	0	0
Q06323	0	0	0	1	0
P10070	1	0	0	0	0
Q99704	1	0	0	0	0
P10515	0	0	1	0	0
P61266	1	1	0	0	0
P34896	0	0	1	0	0
P49703	0	1	0	0	0
P83876	0	0	0	0	1
Q8N5V2	1	0	0	0	0
Q6UB35	0	0	1	0	0
P09234	0	0	0	0	1
Q9H4A5	0	1	0	0	0
Q9NQC3	1	0	0	0	0
P41597	1	0	0	0	0
Q13889	0	0	0	0	1
P11229	1	0	0	0	0
P32243	1	0	0	0	0
Q96FE5	1	0	0	0	0
P50135	0	0	1	0	0
Q9Y678	0	1	0	0	0
P15884	1	0	0	0	0
P14416	1	0	0	0	0
P62910	0	1	0	0	1
Q13753	1	0	0	0	0
Q70CQ3	0	0	0	1	0
Q9UP65	0	0	1	0	0
Q12891	0	0	1	0	0
Q5JPH6	0	0	1	0	0
P78364	0	0	0	1	0
Q8TDB6	0	0	0	1	0
P31040	0	0	1	0	0
Q16531	0	0	0	1	0
Q9Y3B4	0	0	0	0	1
Q13636	0	1	0	0	0
Q9UHB9	0	1	0	0	0
Q5JRA6	0	1	0	0	0
Q9NZM3	1	0	0	0	0
P07954	0	0	1	0	0
Q9BXU7	0	0	0	1	0
Q86UV5	0	0	0	1	0
Q76B58	1	0	0	0	0
Q92886	1	0	0	0	0
P41440	0	0	1	0	0
P04792	0	1	0	0	0
O00628	0	1	0	0	0
P19835	0	0	1	0	0
Q01851	1	0	0	0	0
P26640	0	0	1	0	0
Q96LR5	0	0	0	1	0
P23434	0	0	1	0	0
A0MZ66	1	0	0	0	0
P28328	0	1	1	1	0
Q9BTT6	0	1	0	0	0
Q99880	0	0	0	1	0
Q9UI26	0	1	0	0	0
O95817	0	1	0	0	0
P16152	0	0	1	0	0
Q16643	1	0	0	0	0
Q99685	0	0	1	0	0
P35268	0	1	0	0	1
Q14693	0	0	1	0	0
P06746	0	0	0	1	0
Q14669	0	0	0	1	0
Q99424	0	1	1	0	0
O95467	0	1	0	0	0
Q9BYX2	0	1	0	0	0
Q9NST1	0	0	1	0	0
Q6UX46	1	0	0	0	0
O95453	0	0	0	0	1
P17861	1	0	1	0	0
Q9Y4D7	1	0	0	0	0
Q99784	1	0	0	0	0
Q9H169	1	0	0	0	0
Q9ULH0	1	0	0	0	0
P50213	0	0	1	0	0
Q8WYA6	0	0	0	0	1
Q93009	0	0	0	1	0
O75832	0	0	0	1	0
Q9UL25	0	1	0	0	0
Q9UBN1	0	1	0	0	0
Q9UBR4	1	0	0	0	0
P45844	0	1	0	0	0
Q96ST3	1	0	0	0	0
Q9Y2W1	0	0	0	0	1
P0C1Z6	0	0	0	1	0
Q96DA6	0	1	0	0	0
P50458	1	0	0	0	0
P09211	0	0	1	0	0
P07814	0	0	1	0	0
P21728	1	0	0	0	0
Q5T5Y3	1	0	0	0	0
P10620	0	0	1	0	0
Q9UMW8	0	0	0	1	0
P07949	1	0	0	0	0
P78396	0	0	0	1	0
Q99259	0	0	1	0	0
P78423	1	0	0	0	0
Q14999	1	0	0	1	0
Q9BUQ8	0	0	0	0	1
Q9HCM2	1	0	0	0	0
Q8TAA3	0	0	0	1	0
O43681	0	1	0	0	0
Q9UJ68	0	0	1	0	0
Q96HI0	0	0	0	1	0
Q0IIM8	0	1	0	0	0
Q9UQ26	1	1	0	0	0
Q9NSE4	0	0	1	0	0
P13473	0	1	0	0	0
Q13882	1	0	0	0	0
Q96RQ3	0	0	1	0	0
Q9H2B2	1	0	0	0	0
Q01814	1	0	0	0	0
Q9Y312	0	0	0	0	1
Q9H9P5	0	0	0	1	0
Q9Y297	0	0	0	1	0
Q9BWD1	0	0	1	0	0
Q02928	0	0	1	0	0
P00519	1	0	0	0	0
Q5T4W7	1	0	0	0	0
P49841	1	0	0	0	0
P31150	1	0	0	0	0
P20265	1	0	0	0	0
O00237	0	0	0	1	0
P02745	1	0	0	0	0
P27797	1	1	0	0	0
Q9Y4G8	1	0	0	0	0
Q9HCH3	1	0	0	0	0
Q9HBA0	1	0	0	0	0
Q86XP3	0	0	0	0	1
Q96PE7	0	0	1	0	0
O43439	1	0	0	0	0
Q9HCU5	0	1	0	0	0
Q9Y3F4	0	0	0	0	1
P02787	0	1	0	0	0
Q02252	0	0	1	0	0
Q9UPU9	0	0	0	0	1
Q8TD30	0	0	1	0	0
O14880	0	0	1	0	0
O95372	1	0	0	0	0
P60174	0	0	1	0	0
P56559	0	1	0	0	0
P50607	0	1	0	0	0
Q8WTX9	0	1	0	0	0
Q13950	1	0	0	0	0
P51149	0	1	0	0	0
O43318	0	0	0	1	0
Q6ZMJ4	1	0	0	0	0
Q9BSM1	0	0	0	1	0
Q9Y5C1	0	0	1	0	0
P14618	0	0	1	0	0
Q16822	0	0	1	0	0
Q02363	1	0	0	0	0
Q9NQT5	0	0	0	0	1
P28330	0	0	1	0	0
P48029	0	0	1	0	0
Q6NWY9	0	0	0	0	1
Q9BQG2	0	0	0	0	1
Q92968	1	1	1	1	0
Q5ST30	0	0	1	0	0
P07101	1	0	1	0	0
O14908	0	1	0	0	0
Q92570	0	0	1	0	0
Q96SQ9	0	0	1	0	0
Q99697	1	0	0	0	0
P07332	1	0	0	0	0
P25791	0	0	0	0	1
Q86YT6	0	0	0	1	0
O00203	0	1	0	0	0
Q0ZGT2	1	0	0	0	0
Q2NKQ1	0	1	0	0	0
Q8WXF7	1	0	0	0	0
Q92997	1	0	0	0	0
Q8IXJ6	1	0	0	0	0
Q99527	1	0	0	0	0
P48556	0	0	0	1	0
Q9Y388	0	0	0	0	1
Q99735	0	0	1	0	0
P60602	0	1	0	0	0
P08567	0	1	0	0	0
P15173	0	0	0	0	1
Q9Y3P9	0	1	0	0	0
Q86YS7	0	1	0	0	0
O95992	0	0	1	0	0
P17858	0	0	1	0	0
P13569	0	0	0	1	0
P25786	0	0	0	1	0
Q9NQG7	0	1	0	0	0
P47736	1	0	0	0	0
Q9UPW8	1	0	0	0	0
Q09161	0	1	0	0	1
Q15018	0	0	0	1	0
Q9Y606	0	0	0	0	1
Q96J87	0	0	0	0	1
P18075	1	0	0	0	0
P11182	0	0	1	0	0
Q96B26	0	0	0	0	1
P51157	0	1	0	0	0
O14977	0	0	1	0	0
Q5SRE5	0	1	0	1	0
P06865	0	0	1	0	0
Q13253	1	0	0	0	0
Q96BY6	1	0	0	0	0
Q9Y496	1	1	0	0	0
Q9UKZ1	0	0	0	0	1
O00451	1	0	0	0	0
Q99829	1	0	0	0	0
P46940	1	0	0	0	0
Q96GW9	0	0	1	0	0
P19367	0	0	1	0	0
Q9H7V2	0	1	0	0	0
Q96P20	0	0	0	1	0
P25788	0	0	0	1	0
Q9UPV9	0	1	0	0	0
Q8NHS2	0	0	1	0	0
Q9BTX1	0	1	0	1	0
Q92834	0	1	0	0	0
P09110	0	1	1	0	0
Q8TB92	0	0	1	0	0
Q8IYW5	0	0	0	1	0
P03372	0	0	0	1	0
P15170	0	0	0	0	1
P61077	0	1	0	1	0
A7E2V4	1	0	0	0	0
Q9UJX2	0	0	0	1	0
O43602	1	0	0	0	0
P53667	1	0	0	0	0
O15066	0	1	0	0	0
P48431	1	0	0	0	0
O95870	0	0	1	0	0
O94907	1	0	0	0	0
P55145	1	0	0	0	0
P11137	1	0	0	0	0
Q99623	0	1	0	0	0
Q15025	0	0	0	1	0
P62491	1	1	0	0	0
Q9UJX6	0	0	0	1	0
Q9UMR3	1	0	0	0	0
Q5PRF9	0	0	0	0	1
P63172	1	1	0	0	0
Q7L0Y3	0	0	0	0	1
P32249	1	0	0	0	0
Q8TAF3	0	0	0	1	0
Q99633	0	0	0	0	1
Q9BXF6	0	1	0	0	0
Q9NV58	0	0	0	1	0
Q9UM13	0	0	0	1	0
Q2T9J0	0	1	0	0	0
Q6NXG1	1	0	0	0	0
P40855	0	1	0	0	0
Q53G59	0	0	0	1	0
Q9Y576	0	0	0	1	0
P67775	0	0	0	0	1
P62266	0	1	0	0	1
P35462	1	0	0	0	0
Q96LU5	0	1	0	0	0
O60701	0	0	1	0	0
Q96AJ1	0	1	0	0	0
Q01196	1	0	0	0	0
Q13190	0	1	0	0	0
Q8IYR6	1	0	0	0	0
O14656	1	1	0	1	0
Q15843	0	0	0	1	0
Q9Y2K1	0	0	0	0	1
P09651	0	0	0	0	1
Q01780	0	0	0	0	1
Q96DZ5	0	1	0	0	0
Q86TM6	0	1	0	1	0
P36405	1	0	0	0	0
P60228	0	0	0	0	1
P78357	1	0	0	0	0
O00744	1	0	0	0	0
Q14964	0	1	0	0	0
Q7RTU9	1	0	0	0	0
O95497	0	0	1	0	0
O43490	1	0	0	0	0
Q9P2J2	1	0	0	0	0
O75592	1	0	0	1	0
P46783	0	1	0	0	1
P85037	0	0	1	1	0
P31249	1	0	0	0	0
Q9UKG9	0	1	1	0	0
Q5T160	0	0	1	0	0
P49448	0	0	1	0	0
Q15907	0	1	0	0	0
P29803	0	0	1	0	0
Q96KW2	0	1	0	0	0
Q96PX1	1	0	0	1	0
O43633	0	1	0	0	0
P10636	1	0	0	0	0
P11362	1	0	0	0	0
Q8NFY4	1	0	0	0	0
Q9H2F3	0	0	1	0	0
P78417	0	0	1	0	0
Q9NSD9	0	0	1	0	0
Q5VTR2	0	0	0	1	0
Q5TAX3	0	0	0	0	1
Q9UK59	0	0	0	0	1
Q99689	1	0	0	0	0
Q15784	1	0	0	1	0
P49721	0	0	0	1	0
P42684	1	0	0	0	0
Q14D33	0	1	0	0	0
O96014	1	0	0	0	0
P15907	0	0	1	0	0
Q92730	1	0	0	0	0
Q96P70	0	1	0	0	0
Q96C45	1	0	0	0	0
Q8WUA7	0	1	0	0	0
Q69YN4	0	0	0	0	1
P62253	0	0	0	1	0
P20827	1	0	0	0	0
Q9HB03	0	0	1	0	0
Q92879	0	0	0	0	1
Q8TBF4	0	0	0	0	1
O75152	0	1	0	0	1
O75528	0	0	0	1	0
Q9NP80	0	0	1	0	0
Q9P121	1	0	0	0	0
Q9HBM6	0	0	0	1	0
Q9UIV1	0	0	0	0	1
Q15020	0	0	0	0	1
P40337	0	0	0	1	0
P17844	0	0	0	0	1
Q6PI98	0	0	0	1	0
P16118	0	0	1	0	0
P30260	0	0	0	1	0
Q9Y6E7	0	0	1	0	0
Q9C0B7	0	1	0	0	0
Q2Q1W2	0	0	0	1	0
Q8IU81	0	0	0	1	0
Q96LD8	0	0	0	1	0
Q969L4	0	0	0	0	1
Q9UBJ2	0	0	1	0	0
Q8IX18	0	0	0	0	1
Q14108	1	1	0	0	0
Q99497	0	1	1	0	0
P26639	0	0	1	0	0
P52758	0	0	1	0	1
O43310	0	0	0	0	1
Q9Y5T4	0	1	0	0	0
Q96PM5	0	0	0	1	0
Q13795	0	1	0	0	0
Q70CQ1	0	0	0	1	1
Q8N8Y2	0	1	0	0	0
Q04743	1	0	0	0	0
O94788	0	0	1	0	0
Q9Y600	0	0	1	0	0
Q13619	0	0	0	1	0
O75317	0	0	0	1	0
Q13042	0	0	0	1	0
O43865	0	0	0	0	1
P18124	0	1	0	0	1
Q9Y543	1	0	0	0	0
Q96SU4	0	0	1	0	0
Q02535	1	0	0	0	0
P35222	1	0	0	1	0
O94874	0	0	0	1	0
Q9HAT8	0	0	0	1	0
Q9NZJ0	0	0	0	1	0
Q96DF8	0	0	0	0	1
Q92900	0	1	0	0	1
Q8N7R1	0	1	0	0	0
P05166	0	0	1	0	0
Q96A08	0	0	0	1	0
O60499	0	1	0	0	0
O15131	0	1	0	0	0
P24386	0	1	0	0	0
Q9UGP8	0	1	0	0	0
P35613	1	0	1	0	0
Q15109	1	0	0	0	0
Q14390	0	0	1	0	0
Q9UBU9	0	1	0	0	0
P56589	0	1	0	0	0
Q9UNP9	0	0	0	0	1
Q9ULP9	1	0	0	0	0
Q9Y6A9	0	1	0	0	0
Q9C0D0	1	0	0	0	0
Q9NYG2	0	1	0	0	0
P15882	1	0	0	0	0
P55157	0	1	0	0	0
Q9UJX3	0	0	0	1	0
Q9BW83	0	1	0	0	0
P35713	0	0	0	0	1
Q15286	1	1	0	0	0
O14684	0	0	1	0	0
Q96GR2	0	0	1	0	0
P14902	0	0	1	0	0
Q13098	0	0	0	1	0
O95271	0	0	0	1	0
P33121	0	0	1	0	0
P63000	1	0	0	0	0
Q5XPI4	0	0	0	1	0
P05408	0	1	0	0	0
Q96PC3	0	1	0	0	0
Q6GMR7	0	0	1	0	0
Q9Y6F9	1	0	0	0	0
Q9Y3R0	1	1	0	0	0
Q9Y5A9	1	0	0	0	1
Q13554	1	0	0	0	0
Q9H7Z7	0	0	1	0	0
Q14153	0	1	0	0	0
P23381	0	0	1	0	0
Q8NG27	0	0	0	1	0
P60604	0	0	0	1	0
O95198	0	0	0	1	0
Q13562	1	1	0	0	0
Q8TCT9	0	1	0	0	0
Q3MII6	0	1	0	0	0
Q9HAW9	0	0	1	0	0
Q9Y2L1	0	0	0	0	1
Q5TA89	1	0	0	0	0
Q15181	0	0	1	0	0
Q9Y3U8	0	1	0	0	1
Q9BPW9	0	0	1	0	0
O75155	0	0	0	1	0
Q9NP90	0	1	0	0	0
Q05519	0	1	0	0	1
Q969I3	0	0	1	0	0
Q8NCG7	0	0	1	0	0
Q6L8Q7	0	0	0	0	1
Q7KZI7	1	0	0	0	0
P46109	1	0	0	0	0
Q16719	0	0	1	0	0
Q96G74	0	0	0	1	0
O60493	1	0	0	1	0
Q92620	0	1	0	0	1
P00558	0	0	1	0	0
Q96AX9	0	0	0	1	0
Q12872	0	0	0	0	1
Q8N4C7	0	1	0	0	0
Q8IYS1	0	0	1	0	0
Q14160	0	1	0	0	0
P46781	0	1	0	0	1
P21281	0	1	0	0	0
Q6QHF9	0	1	0	0	0
O15105	0	0	0	1	0
Q7Z419	0	0	0	1	0
O75486	0	0	0	1	0
P63151	0	0	0	0	1
P05783	0	1	0	0	0
Q9NNX6	0	1	0	0	0
Q9ULX6	0	0	0	0	1
P33897	0	0	1	0	0
Q969T7	0	0	0	0	1
P42336	1	0	0	0	0
P11712	0	0	1	0	0
Q8IVS2	0	0	1	0	0
P43034	1	0	0	0	0
Q9P2R7	0	0	1	0	0
Q9UPN4	0	1	0	0	0
Q8WXF0	0	0	0	0	1
Q96LI5	0	0	0	0	1
Q9ULW2	1	0	0	0	0
Q9UL01	0	0	1	0	0
Q6AZZ1	0	0	0	1	0
Q96NU7	0	0	1	0	0
Q9UDR5	0	0	1	0	0
Q6NUI2	0	0	1	0	0
Q15911	1	0	0	0	0
P49674	1	0	0	0	0
P17540	0	0	1	0	0
Q8TDM6	1	0	0	0	0
P34130	1	0	0	0	0
Q9H0E7	0	0	0	1	0
Q8TBE9	0	0	1	0	0
O60508	0	1	0	0	1
Q9Y4A5	0	0	0	1	0
P31751	0	1	0	0	0
P41226	0	0	0	1	0
O95782	0	1	0	0	0
Q58A45	0	0	0	0	1
Q9BZ23	0	0	1	0	0
Q16236	0	0	0	1	0
Q9BRR6	0	0	1	0	0
P55854	0	0	0	1	0
P02649	1	1	0	0	0
O60828	1	0	0	0	1
P56159	1	0	0	0	0
Q86XT2	0	1	0	0	0
Q96G23	1	0	0	0	0
Q9H871	0	0	0	1	0
O94933	1	0	0	0	0
Q8N5J2	0	0	0	1	0
Q96K76	0	0	0	1	0
P51991	0	0	0	0	1
Q7Z3D6	0	0	1	0	0
Q8IVU3	0	0	0	1	0
Q12996	0	0	0	0	1
P21709	1	0	0	0	0
Q658P3	0	1	0	0	0
Q9UPX8	1	0	0	0	0
Q9NS69	0	1	0	0	0
Q68G74	1	0	0	0	0
O95342	0	0	1	0	0
P14866	0	0	0	0	1
P35711	1	0	0	0	0
P04637	0	0	0	1	1
Q8IXJ9	0	0	0	1	0
Q86UA6	0	1	0	0	0
O60942	0	0	0	0	1
Q9H4Y5	0	0	1	0	0
A6NH52	0	1	0	0	0
P61019	0	1	0	0	0
Q709C8	0	1	0	0	0
Q9P2M4	0	1	0	0	0
Q96SB3	1	0	0	0	0
O60243	1	0	0	0	0
Q96N76	0	0	1	0	0
Q93098	1	0	0	0	0
Q13618	0	0	0	1	0
Q96RL1	0	0	0	1	0
Q5W0Q7	0	0	0	1	0
Q5JST6	1	0	0	0	0
Q9BQG1	1	0	0	0	0
P01138	1	0	0	0	0
O14640	1	0	0	0	0
Q9H9C1	0	1	0	0	0
Q658Y4	0	1	0	0	0
Q9H1H9	0	1	0	0	0
O43157	1	0	0	0	0
Q14331	0	0	0	0	1
P06733	0	0	1	0	0
Q8WZ75	1	0	0	0	0
Q96JE9	1	0	0	0	0
Q9NP78	0	1	0	0	0
Q8WVN8	0	0	0	1	0
P43307	0	1	0	0	0
Q9HBI6	0	0	1	0	0
O00762	0	0	0	1	0
Q06945	1	0	0	0	0
P52434	0	0	0	0	1
P15918	0	0	0	1	0
P27449	0	1	0	0	0
O75191	0	0	1	0	0
P62750	0	1	0	0	1
Q92820	0	0	1	0	0
Q8N653	0	0	0	1	0
Q8ND04	0	0	0	0	1
P32754	0	0	1	0	0
Q99757	0	0	1	0	0
O60296	0	1	0	0	0
Q9UJP4	0	0	0	1	0
P11509	0	0	1	0	0
P41223	0	0	0	0	1
Q13127	1	0	0	0	0
Q9NVV5	0	0	1	0	0
Q92530	0	0	0	1	0
O75382	0	0	0	1	0
Q2TAL6	1	0	0	0	0
Q8WUD1	0	1	0	0	0
Q14258	0	0	0	1	0
Q9BYM8	0	0	0	1	0
Q9GZU1	0	1	0	0	0
Q9NRJ5	0	0	0	0	1
Q9H4L4	0	0	0	1	0
P53621	0	1	0	0	0
Q9UPT9	0	0	0	1	0
Q76G19	0	0	0	1	0
Q6ZUT3	1	0	0	0	0
P04216	1	0	0	0	0
Q96HU1	0	1	0	0	0
Q96J02	0	0	0	1	0
P06400	1	0	0	0	0
O15156	0	1	0	0	0
Q8N6D2	0	0	0	1	0
P34897	0	0	1	1	0
Q16849	0	1	0	0	0
O14893	0	0	0	0	1
Q5VV43	1	0	0	0	0
P10746	0	0	1	0	0
Q9HB40	0	0	1	0	0
P78330	0	0	1	0	0
Q9BZG1	0	1	0	0	0
P39023	0	1	0	0	1
P61313	0	1	0	0	1
Q9NX76	0	1	0	0	0
Q13591	1	0	0	0	0
P10619	0	1	0	0	0
P26440	0	0	1	0	0
P0CG21	0	0	0	1	0
Q9HD40	0	0	1	0	0
P20618	0	0	0	1	0
P22681	0	0	0	1	0
P40818	0	0	0	1	0
P19440	0	0	1	0	0
P46952	0	0	1	0	0
Q9H173	0	1	0	0	0
Q13769	0	1	0	0	1
Q86Y13	0	0	0	1	0
Q16698	0	0	1	0	0
Q712K3	0	0	0	1	0
P16298	1	0	0	0	0
Q9BYG5	1	0	0	0	0
Q8WUQ7	0	0	0	0	1
P48637	0	0	1	0	0
Q9Y397	0	1	0	0	0
Q16629	0	1	0	0	1
Q12829	0	1	0	0	0
P11021	0	1	0	0	0
Q16878	0	0	1	0	0
P15692	1	0	0	0	0
O60260	0	0	0	1	0
Q9BZE2	0	0	0	0	1
P08138	1	1	0	0	0
Q9Y5T5	0	0	0	1	0
P20794	0	1	0	0	0
Q6ZMZ0	0	0	0	1	0
Q6NZY4	0	0	0	0	1
Q99666	0	1	0	0	0
P50914	0	1	0	0	1
Q5VVQ6	0	0	0	1	0
Q9UKX7	0	1	0	1	0
Q92845	0	1	0	0	0
Q86U10	0	0	1	0	0
Q6TCH7	1	0	0	0	0
O94887	1	0	0	0	0
Q96SZ5	0	0	1	0	0
Q96Q27	0	0	0	1	0
Q6PH85	0	0	0	1	0
Q9NPH5	0	0	1	0	0
Q9UNM6	0	0	0	1	0
Q496M5	1	0	0	0	0
Q99828	1	0	0	0	0
Q8NE35	1	0	0	0	0
P02679	0	1	0	0	0
P16930	0	0	1	0	0
P27540	0	0	0	0	1
P49590	0	0	1	0	0
Q7Z3V4	0	0	0	1	0
Q96NW4	1	0	0	0	0
Q92581	1	0	0	0	0
Q9UJH8	1	0	0	0	0
Q9Y366	0	1	0	0	0
Q14088	0	1	0	0	0
Q9BYZ2	0	0	1	0	0
P28074	0	0	0	1	0
P26368	0	1	0	0	1
Q9HCE7	1	1	0	1	0
Q13509	1	0	0	0	0
Q12874	0	0	0	0	1
Q96EX3	0	1	0	0	0
P41250	0	0	1	0	0
P14207	0	0	1	0	0
P15104	0	0	1	0	0
O94900	1	0	0	0	0
P33527	0	1	1	0	0
P27708	0	0	1	0	0
Q9UK96	0	0	0	1	0
Q5T8D3	0	0	1	0	0
Q9NRW7	0	1	0	0	0
P11310	0	0	1	0	0
Q14982	1	0	0	0	0
Q08211	0	0	0	0	1
Q9NR12	1	0	0	0	0
P05089	0	0	1	0	0
O15164	0	0	0	1	0
Q6UXF1	1	0	0	0	0
Q13526	1	0	0	0	0
Q9H0W8	0	0	0	0	1
P37108	0	1	0	0	0
Q9NPD3	0	0	0	0	1
Q99460	0	0	0	1	0
Q9Y5J3	1	0	0	0	0
O14862	0	1	0	0	0
Q9BY43	0	1	0	0	0
Q9BX46	0	0	0	0	1
Q96NA8	0	1	0	0	0
P48728	0	0	1	0	0
Q9BUT1	0	0	1	0	0
P20591	0	1	0	0	0
Q96L92	0	1	0	0	0
Q969U6	0	0	0	1	0
P46937	1	0	0	0	0
O15427	0	0	1	0	0
P19022	1	0	0	0	0
Q9BRJ7	0	0	0	0	1
Q86Y82	0	1	0	0	0
Q9HCE5	1	0	0	0	1
Q8IWV7	0	0	0	1	0
O43174	0	0	1	0	0
Q9UKC9	0	0	0	1	0
Q66K14	0	1	0	0	0
P12004	0	0	0	1	0
Q9Y2A7	1	0	0	0	0
O75096	1	0	0	0	0
Q15459	0	0	0	0	1
Q9H1J7	1	0	0	0	0
P51003	0	0	0	0	1
Q9NXI6	0	0	0	1	0
P63167	0	1	0	0	0
Q96HA1	0	1	0	1	0
Q14457	0	1	0	1	0
Q9UHI6	0	0	0	0	1
Q5TA31	0	0	0	1	0
Q9Y5K5	0	0	0	1	0
Q13099	1	1	0	0	0
O75533	0	0	0	0	1
P61353	0	1	0	0	1
Q6GTS8	0	0	1	0	0
O75886	0	0	0	1	0
O15260	0	1	0	0	0
Q8IWW8	0	0	1	0	0
Q8N9I0	1	0	0	0	0
Q9Y5K8	0	1	0	0	0
P26373	0	1	0	0	1
Q9BSW7	1	0	0	0	0
Q9H9P8	0	0	1	0	0
Q00536	1	1	0	0	0
P30153	0	0	0	0	1
Q66K74	1	0	0	0	0
Q8NDW8	0	1	0	0	0
Q9Y2I2	1	0	0	0	0
P35638	0	0	0	0	1
P36871	0	0	1	0	0
O43175	0	0	1	0	0
Q9H6Y7	0	0	0	1	0
P32297	1	0	0	0	0
Q92890	0	1	0	1	0
Q8N9L9	0	1	1	0	0
Q9UNS2	0	0	0	1	0
O95470	0	0	1	0	0
O96008	0	1	0	0	0
Q9UJT9	0	0	0	1	0
Q8NFP4	1	0	0	0	0
Q93045	1	0	0	0	0
Q9UIU6	1	0	0	0	0
Q7L804	0	1	0	0	0
Q9Y5L4	0	1	0	0	0
Q96LT9	0	0	0	0	1
O14904	1	0	0	0	0
Q7Z4W1	0	0	1	0	0
P50553	1	0	0	0	0
P61421	0	1	0	0	0
Q9Y584	0	1	0	0	0
Q9Y2Q3	0	1	0	0	0
P60201	1	0	0	0	0
O60259	1	0	0	0	0
Q9NPD8	0	0	0	1	0
Q9BTW9	1	0	0	0	0
Q9Y5X1	0	1	0	0	0
O75874	0	1	1	0	0
Q9BXW6	0	0	1	0	0
Q15036	0	1	0	0	0
Q96CD0	0	0	0	1	0
Q8WX93	1	0	0	0	0
Q9UNE7	0	0	0	1	0
P51649	0	0	1	0	0
P80404	0	0	1	0	0
Q9NZU1	1	0	0	0	0
Q8NAV1	0	0	0	0	1
P23378	0	0	1	0	0
Q92917	0	0	0	0	1
Q9H7X7	0	1	0	0	0
P22033	0	0	1	0	0
O14874	0	0	1	0	0
Q8NCH0	0	0	1	0	0
Q8WXK4	0	0	0	1	0
O15342	0	1	0	0	0
P15153	1	0	0	0	0
P04040	0	1	0	0	0
P78329	0	0	1	0	0
O15033	0	0	0	1	0
Q9UM54	0	1	0	0	0
O75494	0	0	0	0	1
Q8WVS4	0	1	0	0	0
Q07352	0	0	0	0	1
Q9C040	0	0	0	1	0
Q969Q5	0	1	0	0	0
Q9Y263	1	0	1	0	0
Q8TAT6	0	1	0	0	0
Q8IX12	0	0	0	0	1
P20336	1	1	0	0	0
Q96F07	1	0	0	0	0
Q15011	0	1	0	0	0
P62269	0	1	0	0	1
Q8TBC4	0	0	0	1	0
P06732	0	0	1	0	0
P35372	1	0	0	0	0
Q93097	1	0	0	0	0
O76050	1	0	0	1	0
O60486	1	0	0	0	0
Q14974	0	1	0	0	0
P13995	0	0	1	0	0
P35914	0	1	1	0	0
P61106	0	1	0	0	0
Q16134	0	0	1	0	0
Q13404	0	0	0	1	0
Q5VWQ8	1	0	0	0	0
P84085	0	1	0	0	0
Q92995	0	0	0	1	0
Q8NF64	0	0	0	1	0
Q15046	0	0	1	0	0
P60900	0	0	0	1	0
Q66K64	0	0	0	1	0
Q9H1C4	0	1	0	0	0
P22003	1	0	0	0	0
P49207	0	1	0	0	1
Q9BRP8	0	0	0	0	1
Q9NZH0	1	0	0	0	0
Q9H3T3	1	0	0	0	0
P04626	1	0	0	0	0
Q96ET8	0	1	0	0	0
Q13761	1	0	0	0	0
Q9Y3E7	0	1	0	0	0
Q96RK4	1	0	0	0	0
P08621	0	0	0	0	1
Q99571	1	0	0	0	0
O95363	0	0	1	0	0
Q15750	0	0	0	1	0
P61086	0	0	0	1	0
O15121	0	0	1	0	0
Q53FZ2	0	0	1	0	0
Q96FJ0	0	0	0	1	0
Q8N6M0	0	0	0	1	0
Q9Y689	0	1	0	0	0
Q92466	0	0	0	1	0
Q8N1E6	0	0	0	1	0
Q9BT78	0	0	0	1	0
Q9H1J5	1	0	0	0	0
Q92819	0	0	1	0	0
P49792	0	1	0	1	0
Q14451	1	0	0	0	0
Q06413	1	0	0	0	0
Q9Y547	0	1	0	0	0
Q5VT52	0	0	0	0	1
Q13402	1	0	0	0	0
Q8WWV3	1	0	0	0	0
Q13596	0	1	0	0	0
Q8WXU2	1	0	0	0	0
Q7L5A8	0	0	1	0	0
Q15031	0	0	1	0	0
O00468	1	0	0	0	0
P12081	0	0	1	0	0
Q8IZH2	0	0	0	0	1
O60662	0	0	0	1	0
A0AVT1	0	0	0	1	0
Q16775	0	0	1	0	0
P62913	0	1	0	0	1
Q9NZ72	1	0	0	0	0
Q9Y289	0	0	1	0	0
Q6P1M0	0	0	1	0	0
Q14563	1	0	0	0	0
Q6ZQW0	0	0	1	0	0
Q53H96	0	0	1	0	0
Q01804	0	0	0	1	0
Q96QD9	0	1	0	0	0
P63241	0	1	0	0	0
P51805	1	0	0	0	0
P62917	0	1	0	0	1
Q6YP21	0	0	1	0	0
Q9Y6R0	1	0	0	0	0
Q9UHY8	1	0	0	0	0
Q8TEL6	0	0	0	1	0
P29475	0	0	1	0	0
O14682	0	0	0	1	0
O75128	1	0	0	0	0
O14832	0	1	1	0	0
Q9Y6M7	1	0	0	0	0
O00767	0	0	1	0	0
P83436	0	1	0	0	0
O95352	0	0	0	1	0
Q9Y2P5	0	0	1	0	0
Q92797	0	1	0	0	1
P32929	0	0	1	0	0
Q9Y577	0	0	0	1	0
Q15008	0	0	0	1	0
Q03519	0	1	0	0	0
P51948	0	0	0	0	1
Q5XG87	0	0	0	0	1
P14317	1	0	0	0	0
O60347	0	1	0	0	0
Q9BW92	0	0	1	0	0
Q8WWX0	0	0	0	1	0
A1L3X0	0	0	1	0	0
P21399	0	0	1	0	0
Q96NT5	0	0	1	0	0
Q9UP38	1	0	0	0	0
P56706	1	0	0	0	0
P43405	0	1	0	0	0
Q9NRA0	0	1	0	0	0
O43447	0	0	0	0	1
P15880	0	1	0	0	1
P50416	0	0	1	0	0
Q9H8V3	1	0	0	0	0
P15923	1	0	0	0	0
O00154	0	0	1	0	0
Q8N465	0	0	1	0	0
Q9Y2P4	0	0	1	0	0
Q7L3T8	0	0	1	0	0
Q96A44	0	0	0	1	0
Q16762	0	0	1	0	0
P10632	0	0	1	0	0
Q9UBS8	0	0	0	1	0
O14641	1	0	0	0	0
Q9NZC2	1	0	0	0	0
P55084	0	0	1	0	0
Q9NWB7	0	1	0	0	0
Q9BTZ2	0	1	0	0	0
Q8N1F7	0	1	0	1	0
P62280	0	1	0	0	1
Q5T200	0	0	0	0	1
Q9UBQ0	0	1	0	0	0
Q6P1J9	0	0	0	1	1
Q03014	0	1	0	0	0
P11831	1	0	0	0	1
Q8N8N0	0	0	0	1	0
P49238	1	0	0	0	0
Q13489	0	0	0	1	0
Q13461	0	0	0	0	1
Q9UJY4	0	1	0	0	0
P52597	0	0	0	0	1
O95149	0	0	0	0	1
Q9H0X6	0	0	0	1	0
Q8WWY3	0	0	0	0	1
Q8N7H5	0	0	0	1	1
Q6UX04	0	0	0	0	1
Q63HM1	0	0	1	0	0
Q15067	0	1	1	0	0
P08559	0	0	1	0	0
P57735	0	1	0	0	0
P52799	1	0	0	0	0
Q7Z2D5	1	0	0	0	0
O75051	1	0	0	0	0
Q96A54	0	0	1	0	0
P36957	0	0	1	0	0
P54725	0	0	0	1	0
Q96PU4	0	0	0	1	0
Q15166	0	0	1	0	0
Q15388	0	1	0	1	0
P51674	1	0	0	0	0
Q8WU68	0	1	0	0	1
P20292	0	0	1	0	0
Q9H981	0	0	0	1	0
Q02078	1	0	0	0	0
P28827	1	0	0	0	0
P05455	0	1	0	0	1
Q9BQA1	0	0	0	0	1
Q5JVF3	0	1	0	0	1
P54762	1	0	0	0	0
Q9GZR5	0	0	1	0	0
O75147	1	0	0	0	0
O60427	0	0	1	0	0
Q92560	0	0	0	1	0
Q504Q3	0	0	0	0	1
Q9NX47	0	0	0	1	0
P21283	0	1	0	0	0
P62899	0	1	0	0	1
Q7Z5G4	0	1	0	0	0
P62256	0	0	0	1	0
Q96QF0	0	1	0	0	0
O75340	0	1	0	0	0
Q8IV48	0	0	0	0	1
Q8NDF8	0	0	0	0	1
P06241	1	0	0	0	0
O14734	0	1	1	0	0
O15205	0	0	0	1	0
P40126	1	0	1	0	0
Q13555	0	1	0	0	0
P41159	0	1	0	0	0
P50542	0	1	0	1	0
O75581	1	0	0	0	0
P25789	0	0	0	1	0
Q86WT6	0	0	0	1	0
P11926	0	0	1	0	0
Q4V328	0	1	0	0	0
Q8NB14	0	0	0	1	0
Q9Y383	0	0	0	0	1
Q07699	1	0	0	0	0
Q96DN6	0	0	0	1	0
Q9C0J8	0	1	0	0	1
Q9UKU0	0	0	1	0	0
P48200	0	0	1	0	0
Q8IYB4	0	1	0	0	0
Q16650	1	0	0	0	0
Q53GT1	0	0	0	1	0
Q6ZT07	0	1	0	0	0
Q9H307	0	0	0	0	1
Q86Y01	1	0	0	0	0
O60609	1	0	0	0	0
P55160	1	0	0	0	0
P23352	1	0	0	0	0
Q9NRW1	0	1	0	0	0
Q8WVZ1	0	1	0	0	0
Q96BD6	0	0	0	1	0
Q15139	1	0	0	0	0
Q8IYJ1	1	0	0	0	0
O75348	0	1	0	0	0
P35558	0	0	1	0	0
Q13356	0	0	0	1	0
Q13439	1	1	0	0	0
Q86WK6	1	0	0	0	0
Q04609	0	0	1	0	0
Q9Y2C2	0	0	1	0	0
P55036	0	0	0	1	0
Q9GZP9	0	1	0	0	0
Q16763	0	0	0	1	0
Q9HAS0	0	1	0	0	0
P32780	0	0	0	0	1
O95999	0	0	0	1	0
Q8WWC4	0	1	0	0	0
P11169	0	0	1	0	0
Q8IU60	0	0	0	0	1
P04629	1	0	0	0	0
O15146	1	0	0	0	0
Q9H2U2	0	0	1	0	0
Q93088	0	0	1	0	0
O43424	1	0	0	0	0
Q9NT62	0	1	0	1	0
Q5JTZ9	0	0	1	0	0
Q8IZS7	0	1	0	0	0
P09544	1	0	0	0	0
P48507	0	0	1	0	0
Q96DA2	0	1	0	0	0
Q8N157	1	0	0	0	0
P11150	0	0	1	0	0
Q96HY6	0	0	0	1	0
P27824	0	1	0	0	0
Q6UN15	0	1	0	0	1
Q6STE5	1	0	0	0	0
P51553	0	0	1	0	0
O14972	0	1	0	0	0
P55769	0	0	0	0	1
Q6ZN44	1	0	0	0	0
Q9HCC0	0	0	1	0	0
P26583	1	0	0	0	0
Q969V5	0	0	0	1	0
Q8NEY1	1	0	0	0	0
P35557	0	0	1	0	0
Q9UI08	1	0	0	0	0
Q9NR64	1	0	0	0	0
P23246	0	0	0	0	1
P48730	1	0	0	0	0
Q13151	0	0	0	0	1
P61326	0	1	0	0	1
O95630	0	0	0	1	0
P35520	0	0	1	0	0
P09914	0	1	0	0	0
O60896	0	1	0	0	0
P52945	0	1	0	0	0
Q9Y2K6	0	0	0	1	0
O00232	0	0	0	1	0
Q15070	0	1	0	0	0
O43837	0	0	1	0	0
Q99873	1	0	0	0	0
P62312	0	0	0	0	1
Q99835	1	0	0	0	0
Q9UNH7	0	1	0	0	0
P07900	1	1	0	0	0
Q99590	0	0	0	0	1
Q9BQQ3	1	0	0	0	0
Q96Q89	1	0	0	0	0
Q99442	0	1	0	0	0
Q9UI12	0	1	0	0	0
Q96T51	0	1	0	0	0
Q8N4Q1	0	1	0	0	0
O60282	1	1	0	0	0
O43164	0	0	0	1	0
Q7Z4L5	0	1	0	0	0
Q9C0E2	0	1	0	0	0
Q14139	0	0	0	1	0
Q96RS0	0	0	0	0	1
O75934	0	0	0	0	1
O60814	0	0	0	1	0
P67809	0	0	0	0	1
O94979	0	1	0	0	0
Q96BP3	0	0	0	0	1
P00441	1	0	0	0	0
Q8NCT1	0	1	0	1	0
P08236	0	0	1	0	0
P08237	0	0	1	0	0
Q9HBJ7	0	0	0	1	0
P25391	1	0	0	0	0
Q96IZ2	0	0	1	0	0
O95864	0	0	1	0	0
O00219	0	0	1	0	0
O94829	0	1	0	0	0
Q8NEZ3	0	1	0	0	0
P20783	1	0	0	0	0
Q92913	1	0	0	0	0
A0AVI4	0	1	0	1	0
Q05329	0	0	1	0	0
P63162	0	0	0	0	1
Q9UM11	0	0	0	1	0
Q8N158	1	0	0	0	0
O00267	0	0	0	0	1
P62851	0	1	0	0	1
Q7Z591	1	0	0	0	0
Q96E17	0	1	0	0	0
Q14247	1	1	0	0	0
P30613	0	0	1	0	0
Q00534	1	0	0	0	0
Q96EV8	1	0	0	0	0
Q9NR63	0	0	1	0	0
Q07889	1	0	0	0	0
Q6UWZ7	0	0	0	1	0
Q13546	0	0	0	1	0
Q96ME1	0	0	0	1	0
Q9C0B0	1	0	0	0	0
O95741	1	0	0	0	0
P60866	0	1	0	0	1
P20800	0	0	1	0	0
P57721	0	0	0	0	1
Q14289	1	0	0	0	0
Q8TD31	0	1	0	0	0
Q9P2P5	1	0	0	1	0
P14920	0	1	1	0	0
Q99731	0	1	0	0	0
Q9BRG1	0	1	0	0	0
P28799	1	0	0	0	0
Q9Y5W8	0	1	0	0	0
P20337	0	1	0	0	0
Q53GS9	0	0	0	0	1
Q9NX57	0	1	0	0	0
Q15785	0	1	0	0	0
Q99595	0	1	0	0	0
P35125	0	1	0	1	0
Q7Z7F0	0	0	0	0	1
P06899	0	0	0	1	0
Q9NSY0	1	0	0	0	0
Q9Y2H2	1	0	0	0	0
Q92854	1	0	0	0	0
P17174	0	0	1	0	0
P20333	1	0	0	0	0
Q6P2P2	0	0	0	0	1
O95573	0	0	1	0	0
Q13867	0	0	1	1	0
P62841	0	1	0	0	1
O75460	0	0	0	0	1
O75334	1	0	0	0	0
O60506	0	0	0	0	1
Q92858	1	0	0	0	0
Q99985	1	0	0	0	0
P37275	1	0	0	0	0
O60683	0	1	0	1	0
Q92621	0	1	0	1	0
Q9Y4X5	0	0	0	1	0
Q96FW1	0	0	0	1	0
Q9BRZ2	0	0	0	1	0
Q8IWN7	1	0	0	0	0
Q96J01	0	1	0	0	1
Q96GA3	0	1	0	0	0
Q9H4P4	0	0	0	1	0
Q9Y2Y8	0	0	1	0	0
Q9ULG1	0	0	0	1	0
Q13838	0	1	0	0	1
P13591	1	0	0	0	0
Q9NZR4	1	0	0	0	0
Q6FIF0	0	1	0	0	0
Q8NFZ0	0	0	0	1	0
P18848	0	0	0	0	1
Q9P2K6	0	0	0	1	0
Q9UKA1	0	0	0	1	0
P34998	0	1	0	0	0
Q8NBZ0	0	0	0	1	0
Q96CS3	0	1	0	0	0
P47897	0	0	1	0	0
Q8IWE4	0	0	0	1	0
Q6PKX4	1	0	0	0	0
O94782	0	0	0	1	0
P54727	0	0	0	1	0
Q9Y6J8	1	0	0	0	0
Q9NX09	1	0	0	0	0
Q9UQM7	1	0	0	0	0
Q969P5	0	0	0	1	0
Q9HC29	0	1	0	0	0
Q9UNU6	0	0	1	0	0
P43308	0	1	0	0	0
P24557	0	0	1	0	0
P13667	0	1	0	0	0
P35226	0	0	0	1	0
Q7Z7M0	1	0	0	0	0
P00491	0	1	0	0	0
Q86UA1	0	0	0	0	1
Q9Y5Y5	0	1	0	0	0
Q9GZT8	1	0	0	0	0
P37198	0	1	0	1	0
Q96CV9	0	1	0	0	0
P05388	0	1	0	0	1
Q96EB6	0	0	0	1	0
Q06124	1	0	0	0	0
O00327	1	0	0	0	0
Q96S59	1	0	0	0	0
Q86VR2	1	0	0	0	0
O15228	0	1	1	0	0
P13929	0	0	1	0	0
Q14694	0	0	0	1	0
P05231	1	1	0	0	0
P56192	0	0	1	0	0
Q8TB52	0	0	0	1	0
Q9UQ52	1	0	0	0	0
Q96SN8	1	0	0	0	0
Q9NPG8	0	1	0	0	0
B2RTY4	1	0	0	0	0
Q13490	0	0	0	1	0
P61081	0	0	0	1	0
O00233	0	0	0	1	0
O76064	0	0	0	1	0
O75342	0	0	1	0	0
P60953	1	0	0	0	0
P62906	0	1	0	0	1
Q9NYL5	0	0	1	0	0
Q96P71	0	1	0	0	0
Q15024	0	0	0	0	1
Q9NP97	0	1	0	0	0
Q9NP61	0	1	0	0	0
Q8NA57	0	1	0	0	0
P0CG47	1	1	0	1	0
O95670	0	1	0	0	0
O00410	0	1	0	0	0
Q9NRG9	0	1	0	1	0
Q9UBW8	0	0	0	1	0
P26378	0	0	0	0	1
O94941	0	0	0	1	0
P62829	0	1	0	0	1
Q86YB7	0	0	1	0	0
Q99814	0	0	0	1	0
Q5T4F4	1	0	0	0	0
Q03181	0	0	1	0	0
P42765	0	0	1	0	0
Q15078	1	0	0	0	0
Q9Y223	0	0	1	0	0
Q96TA1	1	0	0	0	0
Q7L266	0	0	1	0	0
Q70YC5	1	0	0	0	0
Q9BRD0	0	0	0	0	1
Q14444	1	0	0	0	0
Q9UJ14	0	0	1	0	0
Q13188	1	0	0	0	0
P57768	0	1	0	0	0
P05019	0	0	1	0	0
Q9HBK9	0	0	1	0	0
Q9BWQ8	1	0	0	0	0
P34925	1	0	0	0	0
Q96D15	0	1	0	0	0
P36544	1	0	0	0	0
Q92541	0	0	0	1	0
Q9BVA0	0	1	0	0	0
Q96MV8	0	1	0	0	0
P39210	0	1	0	0	0
P49407	0	0	0	1	0
Q6P6C2	0	1	0	0	1
P14679	0	0	1	0	0
Q9UBV4	1	0	0	0	0
P16219	0	0	1	0	0
P38159	0	0	0	0	1
Q96T92	1	0	0	0	0
Q58EX2	1	0	0	0	0
P06744	0	0	1	0	0
P52272	0	0	0	0	1
Q9BZC1	0	0	0	0	1
P40394	0	0	1	0	0
Q5TBA9	1	0	0	0	0
Q9Y5Q0	0	0	1	0	0
P09012	0	0	0	0	1
Q9NWV8	0	0	0	1	0
P83881	0	1	0	0	1
O95786	0	0	0	1	0
P36955	1	0	0	0	0
P21796	0	0	1	0	0
Q16696	0	0	1	0	0
P54577	0	0	1	0	0
O15055	1	0	1	0	0
P62191	0	0	0	1	0
Q9BWT3	0	0	0	0	1
Q70EK9	0	0	0	1	0
Q92945	0	0	0	0	1
O15116	0	0	0	0	1
O00189	0	1	0	0	0
Q9H840	0	0	0	0	1
Q9NZP6	0	1	0	0	0
O43303	0	0	0	1	0
P27816	1	0	0	0	0
Q8N4J0	0	0	1	0	0
Q15797	0	0	0	1	0
Q96SW2	0	0	0	1	0
Q13043	1	0	0	0	0
O14905	1	0	0	0	0
Q8IZJ1	1	0	0	0	0
Q53GS7	0	1	0	0	0
Q9UJ70	0	0	1	0	0
Q13651	0	1	0	0	0
Q9H9A5	0	0	0	0	1
P49459	0	0	0	1	0
P48061	1	0	0	0	0
P23368	0	0	1	0	0
Q9UP52	0	1	0	0	0
P46060	0	0	0	1	0
P04628	1	0	0	0	0
Q9Y3Y2	0	1	0	0	1
P51668	0	1	0	1	0
Q9H9V4	0	0	0	1	0
P13984	0	0	0	0	1
Q9C086	0	0	0	1	0
Q9H6R4	0	1	0	0	0
P07205	0	0	1	0	0
P01286	0	1	0	0	0
Q8TD84	1	0	0	0	0
Q04637	0	0	0	0	1
Q86TB9	0	0	0	0	1
O75364	1	0	0	0	0
Q709F0	0	0	1	0	0
Q13277	1	1	0	0	0
Q92625	1	0	0	0	0
Q9HAW4	0	0	0	1	0
Q8TDI0	1	0	0	0	0
Q76NI1	1	0	0	0	0
P56703	1	0	0	0	0
Q9BV79	0	0	1	0	0
O95396	0	0	0	1	0
P32004	1	0	0	0	0
O15382	0	0	1	0	0
Q9BVL2	0	1	0	1	0
Q13617	0	0	0	1	0
Q8TEX9	0	1	0	0	0
Q92974	1	1	0	0	0
Q6ICL3	0	1	0	0	0
P20393	1	0	0	0	0
Q9NP81	0	0	1	0	0
Q9NTN3	0	0	1	0	0
P43155	0	1	1	0	0
O60663	1	0	0	0	0
P56962	0	1	0	0	0
Q13491	1	0	0	0	0
Q9H165	0	0	0	1	0
P63146	0	0	0	1	0
Q9HAR2	1	0	0	0	0
Q6X4W1	1	0	0	0	0
Q4J6C6	0	1	0	0	0
Q9Y4K3	0	0	0	1	0
Q8NEZ5	0	0	0	1	0
Q9HC62	0	0	0	1	0
P05181	0	0	1	0	0
Q8N3F8	1	1	0	0	0
Q86YJ6	0	0	1	0	0
Q9H9F9	0	0	0	1	0
P12277	0	0	1	0	0
Q9NTI2	1	0	0	0	0
Q9NUI1	0	1	1	0	0
O60894	0	1	0	0	0
Q6PCT2	0	0	0	1	0
Q8N3Y1	1	0	0	1	0
Q06587	0	0	0	1	0
O94805	1	0	0	0	0
P09417	0	0	1	0	0
P30050	0	1	0	0	1
Q9P2J5	0	1	1	0	0
O75554	0	0	0	0	1
O95219	0	1	0	0	0
P49257	0	1	0	0	0
P46926	0	0	1	0	0
Q9H4M3	0	0	0	1	0
Q92609	0	1	0	0	0
P43652	0	1	0	0	0
O60477	1	0	0	0	0
P54252	0	0	0	1	0
Q8N684	0	0	0	0	1
P52565	1	0	0	0	0
Q86WA8	0	1	0	0	0
O43820	0	0	1	0	0
Q6IQ49	0	0	0	1	0
Q9BW27	0	1	0	1	0
P18054	0	0	1	0	0
Q7Z3T8	0	1	0	0	0
Q9BTA9	0	0	0	1	0
P78543	1	0	0	0	0
Q96KP6	0	0	0	1	0
Q92989	0	0	0	0	1
Q15465	1	0	0	0	0
P62263	0	1	0	0	1
Q96T52	0	1	0	0	0
P62847	0	1	0	0	1
Q96RT6	0	1	0	0	0
Q9UF33	1	0	0	0	0
Q8TDB4	0	1	0	0	0
Q15154	1	1	0	0	0
P09038	0	0	1	0	0
Q969K3	0	0	0	1	0
Q93099	0	0	1	0	0
Q13445	0	1	0	0	0
P11766	0	0	1	0	0
Q9HCG8	0	0	0	0	1
Q9NUE0	0	1	0	0	0
P61764	1	0	0	0	0
Q10713	0	1	0	0	0
P53365	0	1	0	0	0
O14745	0	1	0	0	0
P08263	0	0	1	0	0
Q9UK97	0	0	0	1	0
P38117	0	0	1	0	0
Q9UKT5	0	0	0	1	0
O15027	0	1	0	0	0
P26367	1	0	0	0	0
O95551	1	0	0	0	0
P09132	0	1	0	0	0
P06702	1	0	0	0	0
Q8TEB9	0	1	0	0	0
O00401	1	0	0	0	0
Q8N0W4	1	0	0	0	0
Q16773	0	0	1	0	0
Q9Y2Z4	0	0	1	0	0
Q8NEU8	1	1	0	0	0
Q9GZT5	1	0	0	0	0
Q86W42	0	1	0	0	1
Q96EZ8	0	0	0	1	0
Q15768	1	0	0	0	0
Q13242	0	1	0	0	1
P54753	1	0	0	0	0
P14625	0	1	0	0	0
P08240	0	1	0	0	0
Q9UPW5	1	0	0	0	0
Q7Z6Z7	0	0	0	1	0
Q969T4	0	0	0	1	0
Q6SZW1	1	0	0	0	0
Q9H6R6	0	1	0	0	0
O00423	1	0	0	0	0
P52292	0	1	0	0	0
P07864	0	0	1	0	0
Q9H9J4	0	0	0	1	0
P63165	0	0	0	1	0
Q9Y3D6	0	1	0	0	0
P21580	0	0	0	1	0
Q14012	1	0	0	0	0
P24903	0	0	1	0	0
Q9Y296	1	0	0	0	0
O75439	0	1	0	0	0
Q13905	1	0	0	0	0
Q9Y6B7	0	1	0	0	0
Q96C34	0	1	0	0	0
P16070	0	0	1	0	0
Q9BYE7	0	0	0	1	0
Q5U5R9	0	0	0	1	0
Q13825	0	0	1	0	0
Q9BTL4	1	0	0	0	0
P46777	0	1	0	0	1
Q8NEY4	0	1	0	0	0
Q9UJ41	0	1	0	0	0
Q96D46	0	1	0	0	0
P09429	1	1	0	0	0
O75914	1	0	0	0	0
Q9UH90	0	0	0	1	0
O75177	1	0	0	0	0
Q96B97	1	0	0	0	0
Q9UF12	0	0	1	0	0
Q14749	0	0	1	0	0
Q9BVS5	0	0	0	0	1
Q01082	1	1	0	0	0
Q9UK41	0	1	0	0	0
Q8TCE6	0	1	0	0	0
Q9UII4	0	0	0	1	0
Q13153	1	0	0	0	0
Q5JRX3	0	1	0	0	0
Q9NRI5	1	0	0	0	0
Q03518	0	1	0	0	0
Q15233	0	0	0	0	1
C9JE40	0	0	0	0	1
Q9NV23	0	0	1	0	0
Q9H992	0	0	0	1	0
Q8NHL6	0	1	0	0	0
Q9H4D5	0	1	0	0	0
Q96I25	0	0	0	0	1
Q8N2S1	0	1	0	0	0
A0AVF1	0	1	0	0	0
Q86W50	0	0	0	0	1
P26232	1	0	0	0	0
Q7RTV0	0	0	0	0	1
Q7Z412	0	1	0	0	0
Q15696	0	0	0	0	1
O60603	0	1	0	0	0
O60343	0	1	0	0	0
Q9P0J0	0	1	0	0	0
Q15287	0	1	0	0	1
Q00796	0	0	1	0	0
Q969G9	1	0	0	0	0
Q11201	0	0	1	0	0
P27169	0	0	1	0	0
O75604	0	0	0	1	0
Q8IXQ5	0	0	0	1	0
Q9UBR1	0	0	1	0	0
Q8WV99	0	1	0	0	0
Q9BY78	0	0	0	1	0
A6NH57	0	1	0	0	0
Q9NVV4	0	0	0	0	1
Q96BN8	0	0	0	1	0
Q9UJU2	1	0	0	0	0
P43354	1	0	0	0	0
Q99567	0	1	0	1	0
Q86UN2	1	0	0	0	0
Q9P104	1	0	0	0	0
O75381	0	1	0	1	0
O60568	0	0	1	0	0
Q15366	0	0	0	0	1
Q99728	0	0	0	1	0
Q8IYT8	1	0	0	0	0
P41222	0	0	1	0	0
Q92540	0	1	0	0	1
Q96EP0	0	0	0	1	0
O95755	0	1	0	0	0
O94991	1	0	0	0	0
P07942	1	0	0	0	0
P57729	0	1	0	0	0
Q7KZ85	0	0	0	0	1
Q9NP72	0	1	0	0	0
B0YJ81	0	0	1	0	0
Q02543	0	1	0	0	1
Q9BYJ9	1	0	0	0	0
Q9BPU6	1	0	0	0	0
Q07869	0	0	1	0	0
Q99714	0	0	1	0	0
P49917	1	0	0	0	0
Q9BRX2	0	0	0	0	1
Q96F81	0	1	0	0	0
Q12840	1	1	0	0	0
Q8N3J5	0	0	1	0	0
Q7Z5A9	1	0	0	0	0
P31942	0	0	0	0	1
P42898	0	0	1	0	0
P06493	1	0	0	1	0
Q9NXK8	0	0	0	1	0
Q9HCU4	1	0	0	0	0
P54920	0	1	0	0	0
P49755	0	1	0	0	0
Q7RTN6	0	1	0	0	0
O43716	0	0	1	0	0
P36897	1	0	0	1	0
O15504	0	1	0	1	0
P62424	0	1	0	0	1
Q9P2K8	1	0	0	0	0
P36954	0	0	0	0	1
P16949	1	0	0	0	0
Q5JZY3	1	0	0	0	0
Q9Y285	0	0	1	0	0
P17735	0	0	1	0	0
P01584	1	0	1	0	0
Q9H845	0	0	1	0	0
P22695	0	1	0	0	0
Q96GW7	0	0	1	0	0
Q14195	1	0	0	0	0
Q96HC4	1	0	0	0	0
P84022	0	0	0	1	0
P43686	0	0	0	1	0
O95183	0	1	0	0	0
O43615	0	1	0	0	0
Q9HA65	0	1	0	0	0
Q16560	0	0	0	0	1
Q8TEW0	1	1	0	0	0
