Protein_Id	GO:0046872	GO:0000981	GO:0022890	GO:0004672	GO:0016818
Q9NTM9	1	0	0	0	0
O14730	0	0	0	1	0
Q9BZI1	0	1	0	0	0
Q96NM4	0	1	0	0	0
P13716	1	0	0	0	0
Q15375	0	0	0	1	0
O75449	0	0	0	0	1
Q15319	0	1	0	0	0
Q9NQI0	0	0	0	0	1
O60882	1	0	0	0	0
O75360	0	1	0	0	0
O14628	1	0	0	0	0
Q9BXT2	0	0	1	0	0
Q9ULU4	1	0	0	0	0
Q02156	0	0	0	1	0
Q9UH73	0	1	0	0	0
P61586	0	0	0	0	1
Q8IWT1	0	0	1	0	0
Q05901	0	0	1	0	0
Q9H2X9	0	0	1	0	0
Q9UKG4	0	0	1	0	0
Q96LB4	0	0	1	0	0
Q9NSA2	0	0	1	0	0
Q9UDV7	1	0	0	0	0
Q9UKW6	0	1	0	0	0
Q6NUK1	1	0	0	0	0
P54709	0	0	1	0	0
P29597	0	0	0	1	0
P09917	1	0	0	0	0
Q96CK0	0	1	0	0	0
Q5JUK2	0	1	0	0	0
Q00987	1	0	0	0	0
P48047	0	0	0	0	1
Q7Z7A4	0	0	0	1	0
Q9H422	0	0	0	1	0
Q9Y5Y9	0	0	1	0	0
Q15475	0	1	0	0	0
O43566	0	0	0	0	1
P18846	0	1	0	0	0
Q5VVJ2	0	1	0	0	0
P43699	0	1	0	0	0
O15151	1	0	0	0	0
P17036	1	0	0	0	0
O43541	0	1	0	0	0
Q5T7B8	0	0	0	0	1
Q8WXH2	0	0	1	0	0
Q96AV8	0	1	0	0	0
P53671	0	0	0	1	0
Q4LDG9	0	0	0	0	1
Q08188	1	0	0	0	0
Q96QV1	1	0	0	0	0
Q9H611	1	0	0	0	1
Q8TCX1	0	0	0	0	1
Q02413	1	0	0	0	0
Q03167	0	0	0	1	0
O43435	0	1	0	0	0
Q16853	1	0	0	0	0
Q8TD23	1	0	0	0	0
Q92731	0	1	0	0	0
P62195	0	0	0	0	1
P51449	0	1	0	0	0
Q86TP1	0	0	0	0	1
Q05516	0	1	0	0	0
Q9UJ90	0	0	1	0	0
Q96EQ8	1	0	0	0	0
O75469	0	1	0	0	0
Q8IVW4	0	0	0	1	0
Q01094	0	1	0	0	0
P35998	0	0	0	0	1
Q8NHV1	0	0	0	0	1
Q14872	0	1	0	0	0
Q12805	0	0	0	1	0
P49759	0	0	0	1	0
O15296	1	0	0	0	0
P35626	0	0	0	1	0
P15735	0	0	0	1	0
Q9Y2J8	1	0	0	0	0
P63218	0	0	0	0	1
Q05397	0	0	0	1	0
P14616	0	0	0	1	0
Q8IV13	0	0	0	1	0
Q9NPI9	0	0	1	0	0
P78545	0	1	0	0	0
P55285	1	0	0	0	0
O95528	0	0	1	0	0
O00238	0	0	0	1	0
Q9HCS4	0	1	0	0	0
P54710	0	0	1	0	0
P00736	1	0	0	0	0
P25705	0	0	1	0	1
P17040	0	1	0	0	0
Q6U841	0	0	1	0	0
P23458	0	0	0	1	0
P52798	0	0	0	1	0
O43763	0	1	0	0	0
P07902	1	0	0	0	0
Q9BRJ9	0	1	0	0	0
Q5T5M9	0	0	0	1	0
Q9NYD6	0	1	0	0	0
P55290	1	0	0	0	0
P57059	1	0	0	1	0
Q9ULX5	1	0	0	0	1
Q9NP71	0	1	0	0	0
Q99496	1	0	0	0	0
P18850	0	1	0	0	0
Q99583	0	1	0	0	0
O14503	0	1	0	0	0
Q02447	0	1	0	0	0
Q9UIH9	0	1	0	0	0
Q01538	1	1	0	0	0
Q99726	0	0	1	0	0
P35716	0	1	0	0	0
Q8TDN2	0	0	1	0	0
P04049	0	0	0	1	0
Q9BZW2	0	0	1	0	0
P20340	0	0	0	0	1
O95096	0	1	0	0	0
Q8IWB7	1	0	0	0	0
Q9BZE3	0	1	0	0	0
Q8WYA1	0	1	0	0	0
Q01543	0	1	0	0	0
Q12951	0	1	0	0	0
Q13507	0	0	1	0	0
Q68DD2	1	0	0	0	0
Q9BVG8	0	0	0	0	1
Q8WVQ1	1	0	0	0	1
P62879	0	0	0	0	1
Q9Y6X8	0	1	0	0	0
Q01860	0	1	0	0	0
P51532	0	0	0	0	1
Q9H4L7	0	0	0	0	1
Q96C86	0	0	0	0	1
P48735	1	0	0	0	0
Q9UHD2	0	0	0	1	0
Q9UM73	0	0	0	1	0
Q99250	0	0	1	0	0
O60462	0	0	0	1	0
Q96ES6	0	0	1	0	0
Q8N5J4	0	1	0	0	0
P50539	0	1	0	0	0
P48050	0	0	1	0	0
A8MYU2	0	0	1	0	0
Q6J4K2	0	0	1	0	0
P30281	0	0	0	1	0
Q99570	0	0	0	1	0
Q9HBG4	0	0	1	0	0
Q49AG3	0	1	0	0	0
P02788	1	0	0	0	0
Q8TDD1	0	0	0	0	1
Q08629	1	0	0	0	0
P56693	0	1	0	0	0
P36896	0	0	0	1	0
P50549	0	1	0	0	0
Q6Q0C0	1	0	0	0	0
Q9Y5S2	1	0	0	1	0
P19544	1	1	0	0	0
Q9Y450	0	0	0	0	1
P37235	1	0	0	0	0
Q8NHH9	0	0	0	0	1
P31749	0	0	0	1	0
Q12798	1	0	0	0	0
Q9BRP0	0	1	0	0	0
P05771	0	0	0	1	0
P59190	0	0	0	0	1
Q14004	0	0	0	1	0
Q14526	0	1	0	0	0
O75333	0	1	0	0	0
Q9Y698	0	0	1	0	0
Q7L8C5	1	0	0	0	0
P27361	0	0	0	1	0
O14638	1	0	0	0	1
Q9ULV3	1	0	0	0	0
Q9UHL0	0	0	0	0	1
Q10587	0	1	0	0	0
Q8WWX8	0	0	1	0	0
O43187	0	0	0	1	0
P48059	1	0	0	0	0
Q03924	1	0	0	0	0
Q99640	0	0	0	1	0
Q9NZM6	0	0	1	0	0
P00167	0	0	1	0	0
Q8NFT8	1	0	0	0	0
P24864	0	0	0	1	0
Q9NR31	0	0	0	0	1
P20585	0	0	0	0	1
P04083	1	0	0	0	0
P68032	0	0	0	0	1
Q9ULM3	0	1	0	0	0
O94832	0	0	0	0	1
Q9BVI0	0	1	0	0	0
Q92786	0	1	0	0	0
Q6ZSZ6	0	1	0	0	0
Q9NPP4	1	0	0	0	0
P27037	0	0	0	1	0
P51812	0	0	0	1	0
Q92614	0	0	0	0	1
Q8TC26	1	0	0	0	0
Q99712	0	0	1	0	0
P49747	1	0	0	0	0
P32926	1	0	0	0	0
P19634	0	0	1	0	0
Q9UK32	0	0	0	1	0
Q9BZ72	1	0	0	0	0
Q9Y5J9	1	0	0	0	0
O75444	0	1	0	0	0
P52701	1	0	0	0	1
P09525	1	0	0	0	0
Q08050	0	1	0	0	0
Q8IVB4	0	0	1	0	0
Q8IY49	0	0	0	1	0
P18074	0	0	0	1	1
Q8N680	0	1	0	0	0
P42226	0	1	0	0	0
P15313	0	0	1	0	0
Q7Z5L9	0	1	0	0	0
Q9H930	0	1	0	0	0
P52566	0	0	0	0	1
Q12772	0	1	0	0	0
P25815	1	0	0	0	0
Q9UBP5	0	1	0	0	0
Q68D06	1	0	0	0	0
P14651	0	1	0	0	0
Q15835	0	0	0	1	0
P08048	0	1	0	0	0
Q9ULV8	1	0	0	0	0
P20472	1	0	0	0	0
Q99766	0	0	1	0	0
Q6ZMV9	0	0	0	0	1
Q05925	0	1	0	0	0
Q9H2H0	1	0	0	0	0
Q9H1B7	0	1	0	0	0
Q16769	1	0	0	0	0
P57789	0	0	1	0	0
P50570	0	0	0	0	1
Q9Y2Q0	0	0	1	0	1
O95486	1	0	0	0	0
P55318	0	1	0	0	0
O00470	0	1	0	0	0
Q05586	1	0	1	0	0
Q13948	0	1	0	0	0
P51153	0	0	0	0	1
P49746	1	0	0	0	0
Q8IUH4	0	0	1	0	0
P31641	0	0	1	0	0
Q9NS87	0	0	0	0	1
O95238	0	1	0	0	0
Q9BUY7	1	0	0	0	0
Q9UNI6	1	0	0	0	0
Q92952	0	0	1	0	0
Q15329	0	1	0	0	0
Q16671	0	0	0	1	0
O60760	1	0	0	0	0
Q9HB14	0	0	1	0	0
Q9P0L2	1	0	0	1	0
Q13219	1	0	0	0	0
Q9UHN6	1	0	0	0	0
Q16254	0	1	0	0	0
P48065	0	0	1	0	0
Q92841	0	0	0	0	1
Q15306	0	1	0	0	0
P20823	0	1	0	0	0
Q9BZR9	1	0	0	0	0
Q9Y265	0	0	0	0	1
Q96SF7	0	1	0	0	0
Q8IXI2	0	0	0	0	1
Q9HCN4	0	0	0	0	1
P42568	0	1	0	0	0
Q9ULW5	0	0	0	0	1
Q9NYA1	1	0	0	0	0
Q9Y3S2	1	0	0	0	0
O14529	0	1	0	0	0
Q9NP86	1	0	0	0	0
Q9UL68	0	1	0	0	0
P31268	0	1	0	0	0
Q9NVA2	0	0	0	0	1
Q16665	0	1	0	0	0
P28356	0	1	0	0	0
Q9UM19	1	0	0	0	0
P51817	0	0	0	1	0
Q7L0Q8	0	0	0	0	1
O14966	0	0	0	0	1
Q9Y272	0	0	0	0	1
Q5VT66	1	0	0	0	0
Q9ULB5	1	0	0	0	0
P20674	0	0	1	0	0
Q9UBD0	0	1	0	0	0
Q9Y651	0	1	0	0	0
Q9BXP2	0	0	1	0	0
P20807	1	0	0	0	0
O75949	0	0	1	0	0
Q8NER1	0	0	1	0	0
P06703	1	0	0	0	0
O15522	0	1	0	0	0
Q9UN74	1	0	0	0	0
P49840	0	0	0	1	0
P22670	0	1	0	0	0
P52797	0	0	0	1	0
Q9UGB7	1	0	0	0	0
Q04741	0	1	0	0	0
Q16595	1	0	0	0	0
Q9H2A3	0	1	0	0	0
Q13887	0	1	0	0	0
Q16644	0	0	0	1	0
Q6SA08	1	0	0	1	0
Q8NET8	0	0	1	0	0
Q14296	0	0	0	1	0
Q9NQT8	0	0	0	0	1
Q9UN37	0	0	0	0	1
O14924	0	0	0	0	1
Q9H6F2	0	0	1	0	0
Q8NE63	0	0	0	1	0
Q99958	0	1	0	0	0
Q13316	1	0	0	0	0
Q2M1V0	0	1	0	0	0
Q9BWP8	1	0	0	0	0
P78508	0	0	1	0	0
P02743	1	0	0	0	0
P49798	0	0	0	0	1
Q96QR8	0	1	0	0	0
P10398	0	0	0	1	0
Q6ZNB6	0	1	0	0	0
Q9UHI7	0	0	1	0	0
P01270	0	1	0	0	0
Q8IUL8	0	0	0	0	1
P26572	1	0	0	0	0
Q8NBB4	0	1	0	0	0
P51575	0	0	1	0	0
Q9Y2E8	0	0	1	0	0
Q8TD20	0	0	1	0	0
P55286	1	0	0	0	0
Q9HBE1	0	1	0	0	0
Q02577	0	1	0	0	0
Q9H4K7	0	0	0	0	1
Q9H082	0	0	0	0	1
P55072	0	0	0	0	1
P63252	0	0	1	0	0
P50548	0	1	0	0	0
Q00978	0	1	0	0	0
Q8TDD5	0	0	1	0	0
Q5T7P8	1	0	0	0	0
P19484	0	1	0	0	0
Q96D96	0	0	1	0	0
Q9UBL9	0	0	1	0	0
Q8TD43	1	0	1	0	0
Q7Z353	0	1	0	0	0
Q9H5I1	1	0	0	0	0
P10244	0	1	0	0	0
P36956	0	1	0	0	0
P24310	0	0	1	0	0
Q05655	0	0	0	1	0
P13796	1	0	0	0	0
A0PJK1	0	0	1	0	0
Q5JTJ3	1	0	0	0	0
P51168	0	0	1	0	0
Q03164	1	1	0	0	0
P35548	0	1	0	0	0
P07384	1	0	0	0	0
O43365	0	1	0	0	0
P28702	0	1	0	0	0
Q8IVH4	0	0	0	0	1
Q96S21	0	0	0	0	1
Q9UNT1	0	0	0	0	1
P35452	0	1	0	0	0
Q15562	0	1	0	0	0
O94983	0	1	0	0	0
Q05513	0	0	0	1	0
Q9H4S2	0	1	0	0	0
P00492	1	0	0	0	0
Q7Z3S7	0	0	1	0	0
P54845	0	1	0	0	0
P29323	0	0	0	1	0
Q8TEA7	0	0	0	1	0
Q96SB4	0	0	0	1	0
Q9BU19	0	1	0	0	0
O95477	0	0	0	0	1
Q9UI40	0	0	1	0	0
P55316	0	1	0	0	0
Q7L2E3	0	0	0	0	1
Q96D53	0	0	0	1	0
Q9UK33	0	1	0	0	0
Q9HBY8	0	0	0	1	0
P09486	1	0	0	0	0
P35968	0	0	0	1	0
Q5HYI8	0	0	0	0	1
P12931	0	0	0	1	0
Q8TAX0	0	1	0	0	0
P55317	0	1	0	0	0
Q8IYB7	1	0	0	0	0
Q15916	0	1	0	0	0
O60231	0	0	0	0	1
Q9BXA7	1	0	0	1	0
Q9H4B4	0	0	0	1	0
P50281	1	0	0	0	0
P12956	0	0	0	0	1
O75094	1	0	0	0	0
P50591	1	0	0	0	0
Q9BXN1	1	0	0	0	0
Q9HC58	0	0	1	0	0
Q99543	0	1	0	0	0
P35249	0	0	0	0	1
P55895	1	0	0	0	0
Q9Y6Q3	1	0	0	0	0
Q8TDC3	1	0	0	1	0
Q93050	0	0	1	0	0
Q01118	0	0	1	0	0
Q7RTS6	0	0	1	0	0
Q15436	1	0	0	0	0
Q33E94	0	1	0	0	0
O14786	0	0	0	1	0
O15197	0	0	0	1	0
P25098	0	0	0	1	0
Q13608	0	0	0	0	1
P22413	1	0	0	0	1
P57073	0	1	0	0	0
P42263	0	0	1	0	0
Q0VDF9	0	0	0	0	1
Q7Z7L1	0	0	0	0	1
Q9NYY3	0	0	0	1	0
Q504Y2	0	0	0	1	0
Q15697	0	1	0	0	0
Q9UKV3	0	0	0	0	1
Q9Y3Z3	1	0	0	0	0
P38646	0	0	0	0	1
O60284	0	1	0	0	0
P62072	1	0	0	0	0
O14920	0	0	0	1	0
P10916	1	0	0	0	0
Q9Y466	0	1	0	0	0
Q9Y478	0	0	0	1	0
Q8NFH8	1	0	0	0	0
Q9ULQ1	0	0	1	0	0
Q12946	0	1	0	0	0
Q8NB78	1	0	0	0	0
Q96GX9	1	0	0	0	0
Q8NB90	0	0	0	0	1
Q9NRY6	1	0	0	0	0
P62333	0	0	0	0	1
Q99081	0	1	0	0	0
P52926	0	1	0	0	0
Q9H161	0	1	0	0	0
Q86X67	0	0	0	0	1
Q9NY26	0	0	1	0	0
P50222	0	1	0	0	0
Q9UQ16	0	0	0	0	1
Q9UL51	0	0	1	0	0
Q8IUX4	1	0	0	0	0
P23771	0	1	0	0	0
P21291	1	0	0	0	0
Q96I24	0	1	0	0	0
P61018	0	0	0	0	1
P28482	0	0	0	1	0
P17028	1	1	0	0	0
P00813	1	0	0	0	0
P33908	1	0	0	0	0
O95267	1	0	0	0	0
P15408	0	1	0	0	0
Q9H093	1	0	0	1	0
O43143	0	0	0	0	1
P50219	0	1	0	0	0
O14958	1	0	0	0	0
P78540	1	0	0	0	0
Q6ISB3	0	1	0	0	0
Q5FWF5	1	0	0	0	0
Q01959	0	0	1	0	0
P11309	1	0	0	1	0
Q9C0K1	0	0	1	0	0
Q9NVV0	0	0	1	0	0
P29376	0	0	0	1	0
O75962	0	0	0	1	0
P52333	0	0	0	1	0
Q8TF09	0	0	0	0	1
Q16539	0	0	0	1	0
Q15477	0	0	0	0	1
A0FGR8	1	0	0	0	0
Q9HD42	1	0	0	0	0
P23975	0	0	1	0	0
Q03721	0	0	1	0	0
P22455	0	0	0	1	0
Q9BRI3	0	0	1	0	0
P46063	0	0	0	0	1
P23409	0	1	0	0	0
P28332	1	0	0	0	0
Q7Z6K1	0	1	0	0	0
Q8WY91	0	1	0	0	0
Q99719	0	0	0	0	1
Q8N693	0	1	0	0	0
P22676	1	0	0	0	0
Q16832	0	0	0	1	0
Q8IWU2	0	0	0	1	0
Q96C10	1	0	0	0	0
Q92753	0	1	0	0	0
Q9UFW8	0	1	0	0	0
O00358	0	1	0	0	0
O14976	0	0	0	1	0
Q8N187	0	1	0	0	0
P16389	0	0	1	0	0
Q16099	0	0	1	0	0
Q9H2M3	1	0	0	0	0
P35030	1	0	0	0	0
Q96JY0	0	1	0	0	0
P08754	0	0	0	0	1
Q8N4Z0	0	0	0	0	1
Q13569	1	0	0	0	0
Q06495	0	0	1	0	0
P19086	0	0	0	0	1
O75964	0	0	1	0	1
Q14469	0	1	0	0	0
P62633	0	1	0	0	0
P43268	0	1	0	0	0
Q96RP8	0	0	1	0	0
A2RUC4	1	0	0	0	0
Q9UMQ3	0	1	0	0	0
Q9BYX4	1	0	0	0	0
Q02750	0	0	0	1	0
Q9UJS0	1	0	0	0	0
Q9BVI4	0	1	0	0	0
P08651	0	1	0	0	0
Q13239	0	0	0	1	0
P19827	1	0	0	0	0
Q8IV20	1	0	0	0	0
Q14680	1	0	0	1	0
Q8TEY5	0	1	0	0	0
P50583	0	0	0	0	1
Q8NCM8	0	0	0	0	1
Q8TE73	0	0	0	0	1
P15056	1	0	0	1	0
P09629	0	1	0	0	0
O00625	1	0	0	0	0
Q15672	0	1	0	0	0
Q8IVH2	0	1	0	0	0
O95057	0	0	0	0	1
Q00537	0	0	0	1	0
Q6ZN16	0	0	0	1	0
Q8IUQ4	1	0	0	0	0
P54274	0	1	0	0	0
Q9UKF2	1	0	0	0	0
Q8IWI9	0	1	0	0	0
P13349	0	1	0	0	0
Q5SVZ6	0	1	0	0	0
Q63HK3	0	1	0	0	0
Q02556	0	1	0	0	0
Q96L42	0	0	1	0	0
P12755	1	1	0	0	0
P80511	1	0	0	0	0
Q96A47	0	1	0	0	0
P23634	0	0	1	0	0
P31152	0	0	0	1	0
Q8WWL7	0	0	0	1	0
Q99607	0	1	0	0	0
P10276	0	1	0	0	0
P52739	0	1	0	0	0
Q92930	0	0	0	0	1
Q8IWQ3	1	0	0	1	0
P07355	0	0	1	0	0
P63098	1	0	0	0	0
O95948	0	1	0	0	0
Q8WZA1	1	0	0	0	0
Q15772	0	0	0	1	0
P45452	1	0	0	0	0
P52951	0	1	0	0	0
P01116	0	0	0	0	1
Q96SC8	0	1	0	0	0
Q14653	0	1	0	0	0
Q9Y5A6	0	1	0	0	0
Q9Y603	0	1	0	0	0
Q5JWF2	0	0	0	0	1
Q9UDV6	1	0	0	0	0
O00321	0	1	0	0	0
Q96D21	0	0	0	0	1
P01033	1	0	0	0	0
P11308	0	1	0	0	0
Q96RI1	0	1	0	0	0
P15336	0	1	0	0	0
P49736	0	0	0	0	1
P54821	0	1	0	0	0
Q99684	0	1	0	0	0
Q15723	0	1	0	0	0
Q969G2	0	1	0	0	0
Q9HAZ1	0	0	0	1	0
Q03938	1	0	0	0	0
Q9BW62	0	0	0	0	1
Q13418	0	0	0	1	0
Q9UMN6	1	0	0	0	0
O94842	0	1	0	0	0
Q00653	0	1	0	0	0
Q9Y210	0	0	1	0	0
Q9ULB1	1	0	0	0	0
Q13129	1	0	0	0	0
P49795	0	0	0	0	1
Q99459	0	1	0	0	0
Q9NRQ2	1	0	0	0	0
Q13164	0	0	0	1	0
Q13163	0	0	0	1	0
P30679	0	0	0	0	1
P17787	0	0	1	0	0
P29375	1	0	0	0	0
Q9NQX6	1	0	0	0	0
P23443	0	0	0	1	0
P62820	0	0	0	0	1
A5YM72	0	0	0	0	1
Q07954	1	0	0	0	0
Q9NXS2	1	0	0	0	0
P55347	0	1	0	0	0
Q8NAP8	0	1	0	0	0
Q6XR72	0	0	1	0	0
Q04771	0	0	0	1	0
P36894	0	0	0	1	0
Q9Y6Y1	0	1	0	0	0
Q99572	0	0	1	0	0
P35498	0	0	1	0	0
Q16666	0	1	0	0	0
Q96RJ6	0	1	0	0	0
Q9UGI8	1	0	0	0	0
Q8TCT0	1	0	0	0	0
P29322	0	0	0	1	0
Q15771	0	0	0	0	1
P17676	0	1	0	0	0
Q7Z442	0	0	1	0	0
Q9UHL9	0	1	0	0	0
Q8N5S9	0	0	0	1	0
O95140	0	0	0	0	1
Q96RR4	1	0	0	1	0
P45984	0	0	0	1	0
Q9UM63	0	1	0	0	0
P53992	1	0	0	0	0
Q9NSD5	0	0	1	0	0
Q9NR48	0	1	0	0	0
P48048	0	0	1	0	0
Q99612	0	1	0	0	0
Q9HB58	0	1	0	0	0
P80192	0	0	0	1	0
P05412	0	1	0	0	0
P52738	0	1	0	0	0
Q9Y6U3	1	0	0	0	0
Q9BRY0	0	0	1	0	0
Q9BQI0	1	0	0	0	0
Q9UBG3	1	0	0	0	0
P54289	0	0	1	0	0
Q9H3D4	0	1	0	0	0
Q8IXF0	0	1	0	0	0
Q8IU89	0	1	0	0	0
P06396	1	0	0	0	0
P50990	0	0	0	0	1
O43283	0	0	0	1	0
P18031	1	0	0	0	0
Q14190	0	1	0	0	0
Q16720	0	0	1	0	0
Q12800	0	1	0	0	0
Q9NWS9	0	1	0	0	0
Q9UKU6	1	0	0	0	0
P35579	0	0	0	0	1
Q9NZ71	0	0	0	0	1
P11488	0	0	0	0	1
Q9GZT4	1	0	0	0	0
Q14691	0	0	0	0	1
Q99490	0	0	0	0	1
Q05481	1	0	0	0	0
P55291	1	0	0	0	0
O15431	0	0	1	0	0
P28288	0	0	0	0	1
Q9P1Z3	0	0	1	0	0
Q15669	0	0	0	0	1
Q15814	0	0	0	0	1
P17980	0	0	0	0	1
Q9UPM6	0	1	0	0	0
Q15699	0	1	0	0	0
O43248	0	1	0	0	0
Q9HD67	0	0	0	0	1
Q9UHD8	0	0	0	0	1
Q07912	0	0	0	1	0
P62330	0	0	0	0	1
P08473	1	0	0	0	0
Q9NR55	0	1	0	0	0
Q5VZM2	0	0	0	0	1
Q8WXG8	1	0	0	0	0
P57058	0	0	0	1	0
Q9C0J9	0	1	0	0	0
P78362	1	0	0	1	0
Q86TJ2	0	1	0	0	0
P78415	0	1	0	0	0
Q14934	0	1	0	0	0
Q9Y6R4	0	0	0	1	0
Q96BS2	1	0	0	0	0
Q8N165	0	0	0	1	0
P78317	1	0	0	0	0
P42685	0	0	0	1	0
P02792	1	0	0	0	0
P17948	0	0	0	1	0
P31277	0	1	0	0	0
Q9Y243	0	0	0	1	0
P11274	0	0	0	1	0
Q00444	0	1	0	0	0
Q9UPG8	0	1	0	0	0
Q9BTP6	0	1	0	0	0
Q04656	1	0	1	0	0
Q9BPY8	0	1	0	0	0
Q96NK8	0	1	0	0	0
P48740	1	0	0	0	0
Q05215	0	1	0	0	0
O60806	0	1	0	0	0
Q15858	0	0	1	0	0
P50148	0	0	0	0	1
O95935	0	1	0	0	0
Q6IQ20	1	0	0	0	0
P52198	0	0	0	0	1
Q7KZN9	0	0	1	0	0
P17612	0	0	0	1	0
P06756	0	0	1	0	0
Q92736	1	0	1	0	0
Q16864	0	0	1	0	1
Q8TDR2	0	0	0	1	0
O75593	0	1	0	0	0
O43795	0	0	0	0	1
Q99942	1	0	0	0	0
Q13105	0	1	0	0	0
P31270	0	1	0	0	0
P04150	0	1	0	0	0
Q9H2U1	1	0	0	0	1
P41162	0	1	0	0	0
Q05940	0	0	1	0	0
Q9P0K8	0	1	0	0	0
O14815	1	0	0	0	0
P35052	1	0	0	0	0
Q9Y692	0	1	0	0	0
P23497	0	1	0	0	0
Q5S007	1	0	0	1	1
P02768	1	0	0	0	0
P13500	0	0	0	1	0
Q2Y0W8	0	0	1	0	0
P12757	0	1	0	0	0
Q9BRK5	1	0	0	0	0
O75947	0	0	1	0	1
P41279	0	0	0	1	0
Q9NY33	1	0	0	0	0
P08195	0	0	1	0	0
Q7LFL8	1	0	0	0	0
Q04844	0	0	1	0	0
P50749	0	0	0	1	0
Q7RTV3	0	1	0	0	0
Q969Z3	1	0	0	0	0
Q9UL26	0	0	0	0	1
Q92698	0	0	0	0	1
P11142	0	0	0	0	1
Q9UBY0	0	0	1	0	0
P67936	1	0	0	0	0
P42679	0	0	0	1	0
Q7Z2Y5	0	0	0	1	0
P16220	0	1	0	0	0
Q13433	0	0	1	0	0
Q9C0K7	0	0	0	1	0
P05109	1	0	0	0	0
Q5W0Z9	1	0	0	0	0
Q8IX07	0	1	0	0	0
P51946	0	0	0	1	1
O43526	0	0	1	0	0
Q93086	0	0	1	0	0
Q15796	0	1	0	0	0
P35453	0	1	0	0	0
Q02575	0	1	0	0	0
P51815	1	0	0	0	0
Q9H252	0	0	1	0	0
Q8WV93	0	0	0	0	1
P41743	0	0	0	1	0
O75838	1	0	0	0	0
Q96KN3	0	1	0	0	0
P45983	0	0	0	1	0
P24941	0	0	0	1	0
Q86V86	0	0	0	1	0
Q12791	0	0	1	0	0
P15289	1	0	0	0	0
P55287	1	0	0	0	0
P47974	0	1	0	0	0
Q96QE2	0	0	1	0	0
O75952	1	0	0	0	0
Q86WJ1	0	0	0	0	1
P61978	0	1	0	0	0
Q8IV01	1	0	0	0	0
A6NJ46	0	1	0	0	0
O43638	0	1	0	0	0
P36542	0	0	1	0	1
Q14644	0	0	1	0	0
Q9UHW9	0	0	1	0	0
Q00056	0	1	0	0	0
Q9BYT3	0	0	0	1	0
Q9UIG0	1	0	0	1	0
Q9UPR5	0	0	1	0	0
P09131	0	0	1	0	0
P13637	0	0	1	0	0
P21579	1	0	0	0	0
Q6ZSA7	0	0	1	0	0
O95125	0	1	0	0	0
Q9ULV0	0	0	0	0	1
P30531	0	0	1	0	0
O60928	0	0	1	0	0
Q2TAL8	0	1	0	0	0
P04899	0	0	0	0	1
O15264	0	0	0	1	0
Q9UBC0	0	1	0	0	0
Q9NS61	0	0	1	0	0
Q8NDG6	0	0	0	0	1
Q9ULB4	1	0	0	0	0
Q8NI60	0	0	0	1	0
Q9NZV7	1	0	0	0	0
P08238	0	0	0	0	1
P11233	0	0	0	0	1
Q00403	1	0	0	0	0
Q9H4I2	0	1	0	0	0
Q9BV35	1	0	0	0	0
Q9UHY1	0	0	0	1	0
Q9UKL0	0	1	0	0	0
P20339	0	0	0	0	1
Q9Y330	0	1	0	0	0
P11474	0	1	0	0	0
O60741	0	0	1	0	0
Q9ULS6	0	0	1	0	0
Q8N108	0	1	0	0	0
Q9UP95	0	0	1	0	0
Q9H4Q4	0	1	0	0	0
Q8N3X6	0	1	0	0	0
Q96T23	0	0	0	0	1
Q96HZ4	0	1	0	0	0
Q86UD5	0	0	1	0	0
P98161	0	0	1	0	0
O60229	0	0	0	1	0
Q9Y2U2	0	0	1	0	0
Q8TE85	0	1	0	0	0
Q9Y623	0	0	0	0	1
P54760	0	0	0	1	0
P22694	1	0	0	1	0
Q99853	0	1	0	0	0
P53350	1	0	0	1	0
P16989	0	1	0	0	0
Q92504	0	0	1	0	0
Q9H9S4	0	0	0	1	0
Q15382	1	0	0	0	1
Q17RS7	1	0	0	0	0
P51843	0	1	0	0	0
O75909	0	0	0	1	0
Q8TCT1	0	0	0	0	1
P61296	0	1	0	0	0
P48549	0	0	1	0	0
Q9NPC2	0	0	1	0	0
Q16513	0	0	0	1	0
P56696	0	0	1	0	0
Q13586	1	0	0	0	0
Q9Y6H6	0	0	1	0	0
Q14204	0	0	0	0	1
Q14566	0	0	0	0	1
Q12982	1	0	0	0	1
P98177	0	1	0	0	0
O75923	1	0	0	0	0
P00325	1	0	0	0	0
Q04206	0	1	0	0	0
O00476	0	0	1	0	0
P63096	1	0	0	0	1
Q14814	0	1	0	0	0
Q06710	0	1	0	0	0
P48436	0	1	0	0	0
P36406	0	0	0	0	1
Q9HC98	1	0	0	1	0
P31415	1	0	0	0	0
Q96KC9	1	0	0	0	0
P49279	0	0	1	0	0
P51692	0	1	0	0	0
Q96H72	0	0	1	0	0
Q9Y2J0	1	0	0	0	0
Q7L5Y1	1	0	0	0	0
P48380	0	1	0	0	0
Q8NG08	0	0	0	0	1
Q8NCB2	0	0	0	1	0
Q9BVC3	0	0	0	0	1
Q9NPF0	1	0	0	0	0
P53539	0	1	0	0	0
Q99626	0	1	0	0	0
Q9Y6X0	0	1	0	0	0
P78562	1	0	0	0	0
Q04864	0	1	0	0	0
Q9Y5E3	1	0	0	0	0
Q6UVM3	0	0	1	0	0
Q6ZMG9	0	1	0	0	0
P11230	0	0	1	0	0
Q9BQ16	1	0	0	0	0
Q9NZW4	1	0	0	0	0
Q8N5A5	0	1	0	0	0
P31260	0	1	0	0	0
Q9H313	0	0	1	0	0
Q9UI33	0	0	1	0	0
Q9UKM7	1	0	0	0	0
Q13131	0	0	0	1	0
P52747	0	1	0	0	0
P40692	0	0	0	0	1
P04054	1	0	0	0	0
Q9NXH8	0	0	0	0	1
Q9UKY0	1	0	0	0	0
Q9NV35	0	0	0	0	1
Q9BT49	0	1	0	0	0
Q9BRQ5	0	0	1	0	0
P38935	0	0	0	0	1
Q9UBT2	1	0	0	0	0
Q8IZK6	0	0	1	0	0
Q8WYN3	0	1	0	0	0
Q13464	0	0	0	1	0
P10809	0	0	0	0	1
Q6ZTQ4	1	0	0	0	0
Q00613	0	1	0	0	0
P24385	0	0	0	1	0
P17252	0	0	0	1	0
P09017	0	1	0	0	0
Q5XKR4	0	1	0	0	0
Q9H3M0	0	0	1	0	0
P42892	1	0	0	0	0
Q99683	1	0	0	1	0
P09874	0	1	0	0	0
P54652	0	0	0	0	1
O00180	0	0	1	0	0
Q8TE12	0	1	0	0	0
Q13118	0	1	0	0	0
Q9Y462	0	1	0	0	0
P67870	0	0	0	1	0
P00918	1	0	0	0	0
Q70SY1	0	1	0	0	0
P50613	0	0	0	1	1
Q9Y261	0	1	0	0	0
O75928	1	0	0	0	0
P31275	0	1	0	0	0
Q9NVH0	1	0	0	0	0
O43711	0	1	0	0	0
O15405	0	1	0	0	0
O60566	0	0	0	1	0
Q9H334	0	1	0	0	0
O95202	1	0	1	0	0
P11387	0	0	0	1	0
P61204	0	0	0	0	1
Q99759	0	0	0	1	0
P11161	0	1	0	0	0
Q8IZ40	0	1	0	0	0
Q86U86	0	0	0	0	1
Q03701	0	1	0	0	0
Q9UIL4	0	0	0	0	1
Q92878	0	0	0	0	1
Q03936	1	0	0	0	0
Q9NZI2	1	0	0	0	0
Q9NPB3	1	0	0	0	0
P07948	0	0	0	1	0
P41002	0	0	0	1	0
O60315	0	1	0	0	0
P49760	0	0	0	1	0
P08319	1	0	0	0	0
P14373	1	0	0	0	0
Q6IQ32	0	1	0	0	0
Q9NX45	0	1	0	0	0
Q02080	0	1	0	0	0
Q15208	1	0	0	1	0
O14733	1	0	0	1	0
Q14571	1	0	1	0	0
Q01974	0	0	0	1	0
Q92624	0	0	0	0	1
P01730	1	0	0	0	0
O60393	0	1	0	0	0
O14921	0	0	0	0	1
Q8NFU7	1	0	0	0	0
Q9BZE0	0	1	0	0	0
P46459	0	0	0	0	1
O15492	0	0	0	0	1
Q6NS38	1	0	0	0	0
Q7L523	0	0	0	0	1
P26196	0	0	0	0	1
Q7Z2Z2	0	0	0	0	1
Q13017	0	0	0	0	1
P49639	0	1	0	0	0
A0AV02	0	0	1	0	0
P57682	0	1	0	0	0
Q86UE8	0	0	0	1	0
Q9BQI3	0	0	0	1	0
O00445	1	0	0	0	0
Q9Y5I7	0	0	1	0	0
P27482	1	0	0	0	0
P30291	0	0	0	1	0
P0C6A0	0	1	0	0	0
P62166	1	0	1	0	0
Q9Y2K7	1	0	0	0	0
P41229	1	0	0	0	0
Q07002	0	0	0	1	0
Q9UBF6	1	0	0	0	0
Q6ZMH5	0	0	1	0	0
P48539	1	0	0	0	0
P42681	0	1	0	1	0
Q02962	0	1	0	0	0
Q9GZX5	0	1	0	0	0
Q9ULF5	0	0	1	0	0
P15144	1	0	0	0	0
Q15349	0	0	0	1	0
Q9HCE1	0	0	0	0	1
P49137	0	0	0	1	0
Q9Y2X9	0	1	0	0	0
Q8WTQ7	0	0	0	1	0
P45378	1	0	0	0	1
P51530	0	0	0	0	1
Q9UBN4	0	0	1	0	0
Q15744	0	1	0	0	0
Q9ULV5	0	1	0	0	0
O60248	0	1	0	0	0
Q8WWT9	0	0	1	0	0
Q6N021	1	0	0	0	0
Q06418	0	0	0	1	0
Q86SK9	1	0	0	0	0
P31269	0	1	0	0	0
Q9Y2K2	1	0	0	1	0
Q7Z4N2	0	0	1	0	0
Q9NR20	0	0	0	1	0
Q96JN0	0	1	0	0	0
Q99437	0	0	1	0	0
Q9NQ87	0	1	0	0	0
Q13951	0	1	0	0	0
Q8NHM5	1	0	0	0	0
P29992	0	0	0	0	1
O00712	0	1	0	0	0
Q92826	0	1	0	0	0
Q96EP9	0	0	1	0	0
O60840	0	0	1	0	0
P41225	0	1	0	0	0
Q04760	1	0	0	0	0
Q9NYR9	0	0	0	0	1
Q6V0I7	1	0	0	0	0
Q6DN14	1	0	0	0	0
P14415	0	0	1	0	0
Q6NUN9	0	1	0	0	0
Q9UID6	0	1	0	0	0
P40937	0	0	0	0	1
Q6PHR2	0	0	0	1	0
O15209	0	1	0	0	0
P41161	0	1	0	0	0
P22612	0	0	0	1	0
P51451	0	0	0	1	0
Q9UI46	0	0	0	0	1
O95302	1	0	0	0	0
P17405	1	0	0	0	0
P29474	1	0	0	0	0
Q13634	1	0	0	0	0
Q12866	0	0	0	1	0
Q5TC82	1	0	0	0	0
Q86Z02	0	0	0	1	0
P14316	0	1	0	0	0
Q96NX9	0	1	0	0	0
Q8IWU4	1	0	1	0	0
P31025	1	0	0	0	0
P34913	1	0	0	0	0
Q9H2C1	0	1	0	0	0
P23511	0	1	0	0	0
Q6DJT9	0	1	0	0	0
P05026	1	0	1	0	1
Q5T3F8	0	0	1	0	0
P31267	0	1	0	0	0
Q96PF2	1	0	0	1	0
P33992	0	0	0	0	1
Q9Y2T3	1	0	0	0	0
Q8NA92	0	1	0	0	0
Q96S44	0	0	0	1	0
Q9NRN7	1	0	0	0	0
Q9HCK0	0	1	0	0	0
O00194	0	0	0	0	1
Q9HCF6	0	0	1	0	0
P09630	0	1	0	0	0
P16050	1	0	0	0	0
O00337	0	0	1	0	0
Q9UQB9	0	0	0	1	0
O00178	0	0	0	0	1
O75419	0	0	0	0	1
Q15842	0	0	1	0	0
Q9NR30	0	0	0	0	1
Q96S38	0	0	0	1	0
P21128	1	0	0	0	0
O95343	0	1	0	0	0
P56179	0	1	0	0	0
Q12864	1	0	0	0	0
Q8NDX6	0	1	0	0	0
Q9Y227	0	0	0	0	1
Q8N8N7	1	0	0	0	0
Q13822	1	0	0	0	0
P62834	0	0	0	0	1
O60264	0	0	0	0	1
P08684	1	0	0	0	0
O00488	1	0	0	0	0
P54707	0	0	1	0	0
P41180	1	0	0	0	0
P18859	0	0	0	0	1
Q9H008	1	0	0	0	1
Q99801	0	1	0	0	0
Q8N4A0	1	0	0	0	0
Q03989	0	1	0	0	0
O15162	1	1	0	0	0
P28676	1	0	0	0	0
Q6PML9	0	1	0	0	0
P12883	0	0	0	0	1
Q8IYB8	0	0	0	0	1
Q5VZB9	0	1	0	0	0
Q13177	0	0	0	1	0
P56178	0	1	0	0	0
P42262	0	0	1	0	0
A6NDG6	1	0	0	0	0
P43304	1	0	0	0	0
Q9UIW0	0	1	0	0	0
Q15714	0	1	0	0	0
Q9H0T7	0	0	0	0	1
Q12986	0	1	0	0	0
Q15413	1	0	1	0	0
Q13216	0	0	0	0	1
P54764	0	0	0	1	0
P42285	0	0	0	0	1
Q9P241	1	0	0	0	0
Q13191	1	0	0	0	0
O15554	0	0	1	0	0
P09960	1	0	0	0	0
P05814	1	0	0	0	0
O14578	0	0	0	1	0
O94955	0	0	0	0	1
O94761	0	0	0	0	1
Q12797	1	0	0	0	0
Q16348	0	0	1	0	0
Q01201	0	1	0	0	0
Q9NRY7	1	0	0	0	0
P55017	0	0	1	0	0
Q96TA2	0	0	0	0	1
Q6NXT4	0	0	1	0	0
O75339	0	0	0	0	1
P17480	0	1	0	0	0
Q9HBZ2	0	1	0	0	0
Q9H2S9	1	0	0	0	0
Q96PH1	0	0	1	0	0
Q14643	1	0	1	0	0
Q9Y572	0	0	0	1	0
P29320	0	0	0	1	0
P32314	0	1	0	0	0
Q9P1W9	0	0	0	1	0
Q9P0V9	0	0	0	0	1
Q02446	0	1	0	0	0
Q8NCM2	0	0	1	0	0
Q9UK17	0	0	1	0	0
O43316	0	1	0	0	0
Q14994	0	1	0	0	0
O95718	0	1	0	0	0
Q7LDG7	1	0	0	0	0
Q8NA29	0	0	1	0	0
Q9Y5R6	0	1	0	0	0
O60381	0	1	0	0	0
O15021	0	0	0	1	0
O95235	0	0	0	0	1
P00533	0	0	0	1	0
Q9Y6J6	0	0	1	0	0
P49796	0	0	0	0	1
P22830	1	0	0	0	0
Q32MK0	0	0	0	1	0
Q99453	0	1	0	0	0
O00429	0	0	0	0	1
Q09328	1	0	0	0	0
O14649	0	0	1	0	0
A2RU54	0	1	0	0	0
Q9Y487	0	0	1	0	0
P05186	0	0	0	0	1
P14635	0	0	0	1	0
O00570	0	1	0	0	0
O14753	0	1	0	0	0
Q9UIS9	1	0	0	0	0
Q5TCY1	0	0	0	1	0
Q8WYJ6	0	0	0	0	1
Q14202	0	1	0	0	0
P36402	0	1	0	0	0
P09471	0	0	0	0	1
Q13516	0	1	0	0	0
Q9Y4A8	0	1	0	0	0
P78413	0	1	0	0	0
P51795	0	0	1	0	0
Q13888	0	0	0	1	1
P02794	1	0	0	0	0
P56177	0	1	0	0	0
Q13133	0	1	0	0	0
P63211	0	0	0	0	1
O75840	1	1	0	0	0
Q3T8J9	0	1	0	0	0
P84077	0	0	0	0	1
P10114	1	0	0	0	1
O43474	1	1	0	0	0
O95661	0	0	0	0	1
P05452	1	0	0	0	0
Q2KJY2	0	0	0	0	1
Q8IZQ8	0	1	0	0	0
Q2M2I8	0	0	0	1	0
P98194	0	0	1	0	0
Q9H9S0	0	1	0	0	0
Q9P0X4	0	0	1	0	0
O14813	0	1	0	0	0
Q8NB15	0	1	0	0	0
P06576	0	0	1	0	1
P43403	0	0	0	1	0
Q9BXU8	1	0	0	0	0
Q9Y4Z2	0	1	0	0	0
Q15131	0	0	0	1	0
O15178	0	1	0	0	0
Q01973	0	0	0	1	0
P19419	0	1	0	0	0
Q9Y248	0	0	0	0	1
Q9Y6H3	0	0	0	1	0
P10071	0	1	0	0	0
Q8IVF4	0	0	0	0	1
Q9NSY1	0	0	0	1	0
P04350	1	0	0	0	0
Q9H497	0	0	0	0	1
O00311	0	0	0	1	0
P28039	1	0	0	0	0
Q9H1D0	0	0	1	0	0
Q9P2E2	0	0	0	0	1
P47902	0	1	0	0	0
Q6P3W2	1	0	0	0	0
P08582	1	0	0	0	0
P12980	0	1	0	0	0
Q13002	0	0	1	0	0
O60548	0	1	0	0	0
Q13283	0	0	0	0	1
P43694	0	1	0	0	0
P38606	0	0	1	0	0
Q15546	0	0	0	1	0
Q96IS3	0	1	0	0	0
Q96HU8	0	0	0	0	1
Q5JT82	0	1	0	0	0
Q9UGM1	0	0	1	0	0
Q9HC78	0	1	0	0	0
Q9NRM0	0	0	1	0	0
Q15788	0	1	0	0	0
Q9C0B1	1	0	0	0	0
Q6PIU1	0	0	1	0	0
Q00535	0	0	0	1	0
Q9BYF1	1	0	0	0	0
Q9NS37	0	1	0	0	0
P48764	0	0	1	0	0
Q9UKX2	0	0	0	0	1
Q14807	0	0	0	0	1
Q9UPW0	0	1	0	0	0
O75324	1	0	0	0	0
Q9UGI9	0	0	0	1	0
Q92908	0	1	0	0	0
Q14839	1	0	0	0	1
Q16281	0	0	1	0	0
Q9BQS2	1	0	0	0	0
P10243	0	1	0	0	0
Q13686	1	0	0	0	0
P62875	1	0	0	0	0
P61011	0	0	0	0	1
Q9H1K1	1	0	0	0	0
B1AL88	0	0	1	0	0
O75385	0	0	0	1	0
Q9H3U7	1	0	0	0	0
Q96L12	1	0	0	0	0
Q92911	0	0	1	0	0
P40763	0	1	0	0	0
Q92499	0	0	0	0	1
P05937	1	0	0	0	0
Q9Y2W7	1	0	0	0	0
Q96BT3	0	1	0	0	0
P58012	0	1	0	0	0
Q96PP9	0	0	0	0	1
Q6Q4G3	1	0	0	0	0
Q53H82	1	0	0	0	0
Q9NRA2	0	0	1	0	0
Q9Y6N8	1	0	0	0	0
P06858	1	0	0	0	0
Q16656	0	1	0	0	0
P21675	0	0	0	1	0
Q92519	0	0	0	1	0
P10909	0	0	0	0	1
P51813	0	0	0	1	0
P54277	0	0	0	0	1
Q99884	0	0	1	0	0
Q9UIQ6	1	0	0	0	0
Q9Y345	0	0	1	0	0
Q96GD4	0	0	0	1	0
P48378	0	1	0	0	0
P55011	0	0	1	0	0
O75093	1	0	0	0	0
Q01167	1	1	0	0	0
Q9UL54	0	0	0	1	0
P11234	0	0	0	0	1
P61026	0	0	0	0	1
Q8N3Y3	1	0	0	0	0
O14627	0	1	0	0	0
Q12879	1	0	1	0	0
P52630	0	1	0	0	0
P01106	0	1	0	0	0
P47712	1	0	0	0	0
Q8NI77	0	0	0	0	1
P19622	0	1	0	0	0
O94921	0	0	0	1	0
O43345	1	0	0	0	0
Q63HK5	0	1	0	0	0
Q9Y2G1	0	1	0	0	0
P28370	0	0	0	0	1
P05023	1	0	1	0	0
Q99466	1	0	0	0	0
P61221	1	0	0	0	0
P14652	0	1	0	0	0
Q99941	0	1	0	0	0
Q9NX46	1	0	0	0	0
O60902	0	1	0	0	0
P24723	0	0	0	1	0
Q59H18	0	0	0	1	0
P25490	1	1	0	0	0
Q96T83	0	0	1	0	0
O95069	0	0	1	0	0
P15976	0	1	0	0	0
Q8WWG9	0	0	1	0	0
Q9Y6B6	0	0	0	0	1
Q9NVV9	1	1	0	0	0
Q8IWS0	0	1	0	0	0
P23760	0	1	0	0	0
Q96BM9	0	0	0	0	1
Q99986	0	0	0	1	0
P19447	0	0	0	1	1
Q8IZF0	0	0	1	0	0
O60481	0	1	0	0	0
Q96A58	0	0	0	0	1
Q9BXP8	1	0	0	0	0
Q9UPP1	1	0	0	0	0
Q9H4W6	0	1	0	0	0
O00506	0	0	0	1	0
Q07866	0	0	0	0	1
P41208	1	0	0	0	0
Q15058	0	0	0	0	1
P53611	1	0	0	0	0
P47928	0	1	0	0	0
Q13627	0	0	0	1	0
P98164	1	0	0	0	0
O14967	1	0	0	0	0
Q8TBB0	0	1	0	0	0
Q8N668	1	0	0	0	0
Q9UBG7	0	1	0	0	0
Q9Y467	0	1	0	0	0
O75164	1	0	0	0	0
P51523	1	0	0	0	0
P48201	0	0	1	0	0
P48443	0	1	0	0	0
Q96BT7	1	0	0	0	0
P78337	0	1	0	0	0
Q9NY93	0	0	0	0	1
Q99742	0	1	0	0	0
P78348	0	0	1	0	0
P56270	0	1	0	0	0
P26447	1	0	0	0	0
Q8IUX7	0	1	0	0	0
Q86YS6	0	0	0	0	1
P17275	0	1	0	0	0
Q9HBD1	0	1	0	0	0
Q6P2M8	0	0	0	1	0
Q14117	1	0	0	0	0
P14222	1	0	0	0	0
P28324	0	1	0	0	0
O43918	1	1	0	0	0
O00141	0	0	0	1	0
P07996	1	0	0	0	0
Q96RU8	0	0	0	1	0
O60721	0	0	1	0	0
Q8IXL6	1	0	0	1	0
O95475	0	1	0	0	0
Q96ER9	0	0	1	0	0
Q15853	0	1	0	0	0
Q8TD26	0	0	0	0	1
O14610	0	0	0	0	1
Q05952	1	0	0	0	0
Q9NQL9	0	1	0	0	0
Q96T54	0	0	1	0	0
Q92508	0	0	1	0	0
Q9H1K0	1	0	0	0	0
P11717	0	0	0	1	0
Q86Y07	0	0	0	1	0
P31314	0	1	0	0	0
Q13263	1	0	0	0	0
Q10586	0	1	0	0	0
Q9Y620	0	0	0	0	1
Q9HAQ2	0	0	0	0	1
P17026	1	0	0	0	0
Q76MJ5	1	0	0	1	0
Q13621	0	0	1	0	0
Q9P2U7	0	0	1	0	0
Q56UN5	0	0	0	1	0
O43933	0	0	0	0	1
P56524	1	0	0	0	0
Q15120	0	0	0	1	0
P41240	0	0	0	1	0
Q02221	0	0	1	0	0
O75916	0	0	0	0	1
Q9BR39	0	0	1	0	0
O43298	0	1	0	0	0
Q14003	0	0	1	0	0
P09467	1	0	0	0	0
P13639	0	0	0	0	1
Q05195	0	1	0	0	0
Q96AX2	0	0	0	0	1
Q96SN7	0	0	1	0	0
Q96MA1	0	1	0	0	0
P21860	0	0	0	1	0
Q13224	1	0	1	0	0
Q6ZRS2	0	0	0	0	1
P48058	0	0	1	0	0
Q9BSA9	0	0	1	0	0
P54922	1	0	0	0	0
Q86WG3	0	0	0	0	1
P60660	0	0	0	0	1
Q9NP59	0	0	1	0	0
Q8IXL7	1	0	0	0	0
Q03426	1	0	0	0	0
P51159	0	0	0	0	1
Q12870	0	1	0	0	0
Q08357	0	0	1	0	0
Q9UGI6	0	0	1	0	0
O75943	0	0	0	0	1
P28300	1	0	0	0	0
Q02487	1	0	0	0	0
P35712	0	1	0	0	0
Q15746	0	0	0	1	0
Q99676	1	0	0	0	0
O15111	0	0	0	1	0
P61129	0	1	0	0	0
Q7L7X3	0	0	0	1	0
Q9ULC3	0	0	0	0	1
Q13029	1	1	0	0	0
P53778	1	0	0	1	0
Q02548	0	1	0	0	0
P01111	0	0	0	0	1
O75351	0	0	0	0	1
Q9UMR2	0	0	0	0	1
Q32MZ4	0	1	0	0	0
Q96Q77	1	0	0	0	0
O95231	0	1	0	0	0
P31645	0	0	1	0	0
Q15554	0	1	0	0	0
Q8IWG1	0	0	0	0	1
O15226	0	1	0	0	0
Q14721	0	0	1	0	0
O96020	0	0	0	1	0
Q13469	0	1	0	0	0
Q8TEY7	1	0	0	0	0
Q14186	0	1	0	0	0
Q3B8N5	0	1	0	0	0
P54619	0	0	0	1	0
Q14119	0	1	0	0	0
Q96L93	0	0	0	0	1
Q15493	1	0	0	0	0
O14807	0	0	0	0	1
Q9NS40	0	0	1	0	0
P78411	0	1	0	0	0
P15863	0	1	0	0	0
P61619	0	0	1	0	0
P55786	1	0	0	0	0
Q3SY56	0	1	0	0	0
Q9UJV8	0	1	0	0	0
Q92794	1	0	0	0	0
Q9Y4X4	0	1	0	0	0
Q03468	0	0	0	0	1
Q8TDX6	1	0	0	0	0
Q92953	0	0	1	0	0
Q9Y4I5	1	0	0	0	0
P17066	0	0	0	0	1
O60359	0	0	1	0	0
Q9GZS0	0	0	0	0	1
Q9NUN7	1	0	0	0	0
Q14515	1	0	0	0	0
Q14957	0	0	1	0	0
Q9H6I2	0	1	0	0	0
O15539	0	0	0	0	1
P17542	0	1	0	0	0
O95789	0	1	0	0	0
Q14582	0	1	0	0	0
O15182	1	0	0	0	0
P32320	1	0	0	0	0
Q8NHE4	0	0	1	0	0
Q96DE0	1	0	0	0	1
Q8IXZ3	0	1	0	0	0
Q15198	0	0	0	1	0
Q9HCC6	0	1	0	0	0
P80188	1	0	0	0	0
Q16740	0	0	0	0	1
Q13351	0	1	0	0	0
O77932	1	0	0	0	1
Q16478	0	0	1	0	0
P09086	0	1	0	0	0
Q5JUK3	0	0	1	0	0
Q9Y463	0	0	0	1	0
Q9BXA6	1	0	0	1	0
Q4KMQ2	0	0	1	0	0
P52952	0	1	0	0	0
Q9H5L6	0	1	0	0	0
Q12899	1	0	0	0	0
Q9HDC5	0	0	1	0	0
P49116	0	1	0	0	0
O15409	0	1	0	0	0
Q9NQ33	0	1	0	0	0
Q93100	0	0	0	1	0
Q9H089	0	0	0	0	1
P08134	0	0	0	0	1
Q6ZN28	0	1	0	0	0
O95376	1	0	0	0	0
P37231	1	1	0	0	0
Q9HAK2	0	1	0	0	0
P08069	0	0	0	1	0
Q9Y6Q9	0	1	0	0	0
P41182	0	1	0	0	0
Q9HCP0	0	0	0	1	0
P38919	0	0	0	0	1
Q9Y2V3	0	1	0	0	0
O15553	1	0	0	0	0
Q92772	0	0	0	1	0
O43665	0	0	0	0	1
Q12778	0	1	0	0	0
Q16288	0	0	0	1	0
P36776	0	0	0	0	1
Q92874	1	0	0	0	0
Q13523	0	0	0	1	0
P03956	1	0	0	0	0
Q86W26	0	0	0	0	1
P27448	0	0	0	1	0
P16444	1	0	0	0	0
O14782	0	0	0	0	1
P02795	1	0	0	0	0
Q12948	0	1	0	0	0
Q01101	0	1	0	0	0
O75626	0	1	0	0	0
O95487	1	0	0	0	0
Q12968	0	1	0	0	0
Q99581	0	1	0	0	0
Q9UGH3	0	0	1	0	0
Q8NE86	0	0	1	0	0
Q13488	0	0	1	0	0
P53609	1	0	0	0	0
P54132	1	0	0	0	1
Q02641	0	0	1	0	0
Q96NZ1	0	1	0	0	0
O00555	0	0	1	0	0
O60307	0	0	0	1	0
Q9UN79	0	1	0	0	0
Q7RTU3	0	1	0	0	0
Q92754	0	1	0	0	0
Q05193	0	0	0	0	1
O76039	0	0	0	1	0
Q9NS23	1	0	0	0	0
Q16559	0	1	0	0	0
Q8TAE7	0	0	1	0	0
Q14524	0	0	1	0	0
P37023	0	0	0	1	0
O15516	0	1	0	0	0
P49711	1	1	0	0	0
P50995	1	0	0	0	0
Q9BQS7	1	0	0	0	0
Q14940	0	0	1	0	0
Q96NX5	0	0	0	1	0
P54756	0	0	0	1	0
P21802	0	0	0	1	0
Q9C002	0	0	1	0	0
Q99578	0	0	0	0	1
Q9NQ69	0	1	0	0	0
Q8TDI7	0	0	1	0	0
Q96S55	0	0	0	0	1
P08581	0	0	0	1	0
P54278	0	0	0	0	1
P42680	0	0	0	1	0
Q9Y2M0	1	0	0	0	0
P16615	1	0	1	0	0
Q86T24	0	1	0	0	0
Q96IQ9	0	1	0	0	0
Q9NWZ3	0	0	0	1	0
Q76LX8	1	0	0	0	0
Q8N4N8	0	0	0	0	1
P09769	0	0	0	1	0
Q13823	0	0	0	0	1
P11055	0	0	0	0	1
Q99798	1	0	0	0	0
O15204	1	0	0	0	0
Q14574	1	0	0	0	0
Q9NZU7	1	0	0	0	0
P10275	0	1	0	0	0
Q12950	0	1	0	0	0
P19087	0	0	0	0	1
Q96FN5	0	0	0	0	1
Q13886	0	1	0	0	0
Q92759	0	0	0	1	1
Q9NU39	0	1	0	0	0
O94810	0	0	0	0	1
Q13557	0	0	0	1	0
O43422	0	1	0	0	0
Q9UN42	0	0	1	0	0
P51959	0	0	0	1	0
Q9NZI5	0	1	0	0	0
P28347	0	1	0	0	0
Q8N130	0	0	1	0	0
Q99594	0	1	0	0	0
P17535	0	1	0	0	0
Q9H8K7	0	0	0	0	1
Q96JT2	0	0	1	0	0
Q06187	0	0	0	1	0
P68104	0	0	0	0	1
P54284	0	0	1	0	0
Q15029	0	0	0	0	1
Q14541	0	1	0	0	0
Q92563	1	0	0	0	0
P10588	0	1	0	0	0
P49768	0	0	1	0	0
P33176	0	0	0	0	1
P41235	0	1	0	0	0
P36888	0	0	0	1	0
P16383	0	1	0	0	0
Q13637	0	0	0	0	1
O95436	1	0	1	0	0
Q8WUM9	0	0	1	0	0
H0YL14	0	0	0	0	1
P48163	1	0	0	0	0
P54315	1	0	0	0	0
Q9NZC4	0	1	0	0	0
P50238	1	0	0	0	0
P35869	0	1	0	0	0
O60939	0	0	1	0	0
Q2KHR2	0	1	0	0	0
Q9Y2Y4	1	1	0	0	0
P61371	0	1	0	0	0
P0C0E4	0	0	0	0	1
Q16620	0	0	0	1	0
P51148	0	0	0	0	1
P78414	0	1	0	0	0
P20592	0	0	0	0	1
P62070	0	0	0	0	1
P62826	1	0	0	0	1
Q86W47	0	0	1	0	0
Q9Y6E0	0	0	0	1	0
P29218	1	0	0	0	0
O00148	0	0	0	0	1
Q6PIW4	1	0	0	0	1
Q12837	0	1	0	0	0
Q5XXA6	0	0	1	0	0
Q86Y91	0	0	0	0	1
P38398	1	0	0	0	0
Q96BR1	0	0	0	1	0
P60842	0	0	0	0	1
Q9Y616	1	0	0	1	0
Q9Y2N7	0	1	0	0	0
P22415	0	1	0	0	0
P29317	0	0	0	1	0
O95391	1	0	0	0	0
O95076	0	1	0	0	0
O00624	0	0	1	0	0
Q14209	0	1	0	0	0
P40616	0	0	0	0	1
P49715	0	1	0	0	0
Q9BYZ6	0	0	0	0	1
Q8N9L1	0	1	0	0	0
Q6IQ55	0	0	0	1	0
P14735	1	0	0	0	0
Q9P286	0	0	0	1	0
O95382	1	0	0	1	0
O75417	0	0	0	0	1
P55283	1	0	0	0	0
Q8TDN1	0	0	1	0	0
Q9NZC9	0	0	0	0	1
Q9NX63	0	1	0	0	0
Q96L34	0	0	0	1	0
Q9BUP0	1	0	0	0	0
Q9NVP1	0	0	0	0	1
O75157	0	1	0	0	0
Q02224	0	0	0	0	1
O14775	0	0	0	0	1
O00212	0	0	0	0	1
O00623	1	0	0	0	0
Q14938	0	1	0	0	0
Q12852	0	0	0	1	0
Q9HB15	0	0	1	0	0
O95997	0	1	0	0	0
Q07687	0	1	0	0	0
Q9H9Y4	0	0	0	0	1
Q9HCX4	0	0	1	0	0
Q8WXS5	0	0	1	0	0
P20338	0	0	0	0	1
P23327	1	0	0	0	0
P16234	0	0	0	1	0
O95571	1	0	0	0	0
O95264	0	0	1	0	0
Q9H4Z2	0	1	0	0	0
P13378	0	1	0	0	0
P43004	0	0	1	0	0
Q93084	0	0	1	0	1
Q13705	0	0	0	1	0
Q9GZT9	1	0	0	0	0
Q8NFW9	1	0	0	0	0
Q9NQC7	1	0	0	0	0
O75346	1	0	0	0	0
Q9Y222	0	1	0	0	0
Q12857	0	1	0	0	0
Q13485	0	1	0	0	0
Q96Q40	0	0	0	1	0
P04156	1	0	0	0	0
Q96RR1	0	0	0	0	1
P48506	1	0	0	0	0
Q9UGP4	1	0	0	0	0
P20248	0	0	0	1	0
P10070	1	0	0	0	0
Q92988	0	1	0	0	0
Q86SS6	1	0	0	0	0
P34896	1	0	0	0	0
P49703	0	0	0	0	1
Q2TAC6	0	0	0	0	1
P78426	0	1	0	0	0
P09234	1	0	0	0	0
Q92985	0	1	0	0	0
Q9UMX9	0	0	1	0	0
P06239	0	0	0	1	0
Q99811	0	1	0	0	0
O00400	0	0	1	0	0
Q8WY36	0	1	0	0	0
Q13889	0	0	0	1	1
P28698	0	1	0	0	0
P32243	0	1	0	0	0
P42261	0	0	1	0	0
P15884	0	1	0	0	0
Q9BSW2	1	0	0	0	0
O60885	0	0	0	1	0
P22674	0	0	0	1	0
Q16676	0	1	0	0	0
P18146	1	1	0	0	0
Q9UP65	1	0	0	0	0
Q9UJ72	1	0	0	0	0
Q9H8S5	0	0	0	1	0
Q9Y295	1	0	0	0	1
Q13636	0	0	0	0	1
Q92886	0	1	0	0	0
O60479	0	1	0	0	0
Q14126	1	0	0	0	0
P01583	1	0	0	0	0
P33981	0	0	0	1	0
Q01851	0	1	0	0	0
Q5TC79	0	1	0	0	0
Q14257	1	0	0	0	0
P02741	1	0	0	0	0
Q86UX6	0	0	0	1	0
Q96QE3	0	0	0	0	1
Q8TCU5	0	0	1	0	0
Q9H0P0	1	0	0	0	0
Q96KB5	0	0	0	1	0
Q13237	0	0	0	1	0
O43293	0	0	0	1	0
P06401	0	1	0	0	0
Q96KS0	1	0	0	0	0
Q9Y3Q4	0	0	1	0	0
P17861	0	1	0	0	0
Q8NDY6	0	1	0	0	0
Q9C0G6	0	0	0	0	1
P50213	1	0	0	0	0
P17544	0	1	0	0	0
Q14028	0	0	1	0	0
Q92484	1	0	0	0	0
O43167	0	1	0	0	0
Q9UL25	0	0	0	0	1
Q9UBN1	0	0	1	0	0
Q9UBR4	0	1	0	0	0
O15075	0	0	0	1	0
P51531	0	0	0	0	1
Q9UQ05	0	0	1	0	0
Q15831	1	0	0	1	0
Q00577	0	1	0	0	0
Q14191	1	0	0	0	1
Q9BWX5	0	1	0	0	0
Q9H773	1	0	0	0	1
Q96KG9	0	0	0	1	0
Q9NS28	0	0	0	0	1
Q96P47	0	0	0	0	1
Q00532	0	0	0	1	0
Q9UNY4	0	0	0	0	1
O94759	1	0	1	0	1
P50458	0	1	0	0	0
Q9UL49	0	1	0	0	0
P07814	1	0	0	0	0
A0PJX0	1	0	0	0	0
Q9NZK5	1	0	0	0	0
P07949	1	0	0	1	0
P78396	0	0	0	1	0
Q9P1Z0	0	1	0	0	0
Q9ULZ9	1	0	0	0	0
Q9BUQ8	0	0	0	0	1
Q9UJ78	0	1	0	0	0
Q13501	0	0	0	1	0
O43681	0	0	0	0	1
O95863	0	1	0	0	0
O15353	0	1	0	0	0
P15407	0	1	0	0	0
Q13882	0	0	0	1	0
Q9H2B2	1	0	0	0	0
Q8NBK3	1	0	0	0	0
P01185	0	0	0	1	0
Q01814	0	0	1	0	0
Q96G61	0	0	0	0	1
O43623	0	1	0	0	0
P17947	0	1	0	0	0
Q9H0W9	1	0	0	0	0
P00519	1	0	0	1	0
P49841	0	0	0	1	0
P20265	0	1	0	0	0
Q9UKX3	0	0	0	0	1
P27797	1	0	0	0	0
O60391	0	0	1	0	0
Q9Y4G8	1	0	0	0	0
Q9H1R3	0	0	0	1	0
Q9HBA0	0	0	1	0	0
O94804	0	0	0	1	0
P53370	0	0	0	0	1
Q9P289	1	0	0	1	0
Q9BU02	1	0	0	0	1
O94806	0	0	0	1	0
P34931	0	0	0	0	1
P02787	1	0	0	0	0
O15266	0	1	0	0	0
P16083	1	0	0	0	0
Q9Y2H9	1	0	0	1	0
Q8IV77	0	0	1	0	0
Q9BW19	0	0	0	0	1
P47224	1	0	0	0	0
Q9NXL9	0	0	0	0	1
Q8WU08	0	0	0	1	0
P56559	0	0	0	0	1
P51149	0	0	0	0	1
Q13950	0	1	0	0	0
O43318	0	0	0	1	0
Q96PY6	0	0	0	1	0
Q16822	1	0	0	0	0
Q02363	0	1	0	0	0
P48029	0	0	1	0	0
Q15418	0	0	0	1	0
Q2NKX8	0	0	0	0	1
Q9BQG2	1	0	0	0	1
Q13698	0	0	1	0	0
Q15063	1	0	0	0	0
Q9UN66	1	0	0	0	0
Q92570	0	1	0	0	0
Q99697	0	1	0	0	0
P25791	0	1	0	0	0
Q9Y2W3	0	0	1	0	0
P07332	0	0	0	1	0
P05549	0	1	0	0	0
P14780	1	0	0	0	0
P22607	0	0	0	1	0
O14896	0	1	0	0	0
P49335	0	1	0	0	0
Q8WXF7	0	0	0	0	1
Q9UBP0	0	0	0	0	1
Q96RK0	0	1	0	0	0
Q8IXJ6	1	0	0	0	0
Q9H116	0	1	0	0	0
P15173	0	1	0	0	0
Q86YS7	1	0	0	0	0
P31271	0	1	0	0	0
P13569	0	0	0	0	1
Q9NRD8	1	0	0	0	0
Q9NXZ2	0	0	0	0	1
P47736	0	0	0	0	1
O14948	0	1	0	0	0
Q96AT9	1	0	0	0	0
P40938	0	0	0	0	1
P07204	1	0	0	0	0
P51157	0	0	0	0	1
Q9NY57	0	0	0	1	0
Q5T2N8	1	0	0	0	0
Q9Y496	0	0	0	0	1
P12830	1	0	0	0	0
Q9H1B5	1	0	0	0	0
P35443	1	0	0	0	0
Q99829	1	0	0	0	0
P46940	1	0	0	0	0
P39086	0	0	1	0	0
P12821	1	0	0	0	0
Q9BW91	0	0	0	0	1
Q9HC10	1	0	0	0	0
Q9NW15	0	0	1	0	0
Q9NP62	0	1	0	0	0
P03372	0	1	0	0	0
Q8TB92	1	0	0	0	0
P15170	0	0	0	0	1
O94886	0	0	1	0	0
Q12965	0	0	0	0	1
Q8IVW6	0	1	0	0	0
P04198	0	1	0	0	0
Q12809	0	0	1	0	0
P53667	0	0	0	1	0
O15066	0	0	0	0	1
P48431	0	1	0	0	0
Q14344	0	0	0	0	1
Q15075	1	0	0	0	0
O43236	1	0	0	0	1
Q96FT7	0	0	1	0	0
P62491	0	0	0	0	1
Q9UMR3	0	1	0	0	0
Q8NFP7	0	0	0	0	1
O43813	1	0	0	0	0
Q96GX5	0	0	0	1	0
Q8HWS3	0	1	0	0	0
O95600	0	1	0	0	0
Q01196	0	1	0	0	0
O14656	0	0	0	0	1
Q9NP08	0	1	0	0	0
Q6DN12	1	0	0	0	0
P33991	0	0	0	0	1
Q32NB8	1	0	0	0	0
Q15072	1	0	0	0	0
Q2NL82	0	0	0	0	1
Q14964	0	0	0	0	1
O00409	0	1	0	0	0
P61587	0	0	0	0	1
P0DP23	1	0	0	0	0
O75362	0	1	0	0	0
O75592	1	0	0	0	0
Q8IY34	0	0	1	0	0
P85037	0	1	0	0	0
P31249	0	1	0	0	0
Q9Y4B6	0	0	0	1	0
P32455	0	0	0	0	1
P30626	1	0	0	0	0
P19801	1	0	0	0	0
Q15907	0	0	0	0	1
Q9NQX1	0	1	0	0	0
P48729	0	0	0	1	0
Q10469	1	0	0	0	0
P11362	0	0	0	1	0
P49281	1	0	1	0	0
Q86UP0	1	0	0	0	0
Q8IYT4	0	0	0	0	1
Q8WWA0	1	0	0	0	0
Q15784	0	1	0	0	0
P51956	0	0	0	1	0
P42684	1	0	0	1	0
P09172	1	0	0	0	0
P55771	0	1	0	0	0
Q96RG2	0	0	0	1	0
O43524	0	1	0	0	0
Q9UHF7	1	1	0	0	0
Q96BA8	0	1	0	0	0
Q09028	0	0	0	0	1
Q92730	0	0	0	0	1
Q9H2J7	0	0	1	0	0
Q14623	1	0	0	0	0
O95259	0	0	1	0	0
Q9UQQ1	1	0	0	0	0
P04279	1	0	0	0	0
Q9Y257	0	0	1	0	0
P57082	0	1	0	0	0
Q53F39	1	0	0	0	0
O75717	0	1	0	0	0
P10323	1	0	0	0	0
P05496	0	0	1	0	0
P17844	0	0	0	0	1
P51511	1	0	0	0	0
Q15822	0	0	1	0	0
Q13207	0	1	0	0	0
Q8IU81	0	1	0	0	0
Q2M3M2	0	0	1	0	0
Q8IXI1	0	0	0	0	1
P40425	0	1	0	0	0
P04746	1	0	0	0	0
O76027	0	0	1	0	0
Q99497	1	0	0	0	0
Q15759	0	0	0	1	0
Q6DT37	1	0	0	1	0
P80297	1	0	0	0	0
Q9NWX6	1	0	0	0	0
Q96PM5	1	0	0	0	0
Q9Y6R1	0	0	1	0	0
Q9H427	0	0	1	0	0
Q13795	0	0	0	0	1
O43525	0	0	1	0	0
Q8N8Y2	0	0	1	0	0
Q04743	0	1	0	0	0
P11388	1	0	0	0	1
Q9BZL6	0	0	0	1	0
P30530	0	0	0	1	0
P17482	0	1	0	0	0
Q9H5I5	0	0	1	0	0
Q92963	0	0	0	0	1
Q9Y543	0	1	0	0	0
Q02779	0	0	0	1	0
Q6PIV2	0	1	0	0	0
Q02535	0	1	0	0	0
Q92900	0	0	0	0	1
P30532	0	0	1	0	0
Q504Y0	0	0	1	0	0
Q86VD7	0	0	0	0	1
Q86YV6	0	0	0	1	0
Q9UH92	0	1	0	0	0
P19838	0	1	0	0	0
Q92481	0	1	0	0	0
Q8IYM1	0	0	0	0	1
Q07283	1	0	0	0	0
Q7Z3K6	0	1	0	0	0
Q8TF76	0	0	0	1	0
Q14692	0	0	0	0	1
P49761	0	0	0	1	0
O43683	0	0	0	1	0
Q6NYC1	1	0	0	0	0
P16109	1	0	0	0	0
Q9UJY1	0	0	0	1	0
Q9BW83	0	0	0	0	1
P35713	0	1	0	0	0
Q9BWU1	0	0	0	1	0
Q15286	0	0	0	0	1
Q6UWV6	1	0	0	0	0
O95271	1	0	0	0	0
Q0VG99	0	1	0	0	0
Q9UBE8	1	0	0	1	0
P63000	0	0	0	0	1
P00540	0	0	0	1	0
Q14573	1	0	1	0	0
Q9NZJ5	0	0	0	1	0
Q9BZS1	0	1	0	0	0
A1A4Y4	0	0	0	0	1
P08758	0	0	1	0	0
Q13554	0	0	0	1	0
Q9BRR0	0	1	0	0	0
Q13562	0	1	0	0	0
P78367	0	1	0	0	0
P04183	1	0	0	0	0
Q5TA89	0	1	0	0	0
P18847	0	1	0	0	0
P08183	0	0	0	0	1
Q86SJ6	1	0	0	0	0
Q15181	0	0	0	0	1
Q9H221	0	0	0	0	1
P36639	0	0	0	0	1
O14646	0	0	0	0	1
Q9UN72	1	0	0	0	0
Q9NP90	0	0	0	0	1
Q7KZI7	1	0	0	1	0
Q5FWF4	0	0	0	0	1
Q9Y3L5	0	0	0	0	1
Q9UH03	0	0	0	0	1
Q03052	0	1	0	0	0
O43364	0	1	0	0	0
Q96L73	1	0	0	0	0
Q9UKI9	0	1	0	0	0
Q08116	0	0	0	0	1
Q9NWV4	1	0	0	0	0
P21281	0	0	1	0	0
Q6P5W5	0	0	1	0	0
O15105	0	1	0	0	0
Q86XP0	1	0	0	0	0
Q8N697	0	0	1	0	0
A6NHR9	0	0	0	0	1
P33897	0	0	0	0	1
Q6ZN04	1	0	0	0	0
P55327	1	0	0	0	0
Q9C056	0	1	0	0	0
P17509	0	1	0	0	0
Q9NYL2	1	0	0	1	0
Q8N0X4	1	0	0	0	0
O43781	1	0	0	1	0
Q9P2Y4	0	1	0	0	0
Q9BVS4	0	0	0	1	0
Q8IWA4	0	0	0	0	1
O94855	1	0	0	0	0
Q15911	0	1	0	0	0
P49674	0	0	0	1	0
O14965	0	0	0	1	0
O96006	0	1	0	0	0
P28360	0	1	0	0	0
P10721	0	0	0	1	0
P31751	0	0	0	1	0
Q02383	1	0	0	0	0
Q9NRP7	0	0	0	1	0
Q8WXX0	0	0	0	0	1
P42224	0	1	0	0	0
P49959	0	0	0	0	1
Q16236	0	1	0	0	0
O75936	1	0	0	0	0
Q96Q83	1	0	0	0	0
P02649	1	0	0	0	0
Q9H0E9	0	1	0	0	0
P55039	0	0	0	0	1
Q14865	0	1	0	0	0
O75356	0	0	0	0	1
Q96RE9	0	1	0	0	0
P24311	0	0	1	0	0
P33151	1	0	0	0	0
P21709	0	0	0	1	0
O15438	0	0	0	0	1
Q68G74	0	1	0	0	0
Q9BVQ7	0	0	0	0	1
O95342	0	0	1	0	0
P61952	0	0	0	0	1
P35711	0	1	0	0	0
P04637	1	1	0	0	0
O43896	0	0	0	0	1
P20264	0	1	0	0	0
O60942	0	0	0	0	1
Q9H0W7	0	1	0	0	0
P61224	0	0	0	0	1
Q04912	0	0	0	1	0
P61019	0	0	0	0	1
Q5BKX6	0	0	1	0	0
Q969S9	0	0	0	0	1
Q02818	1	0	0	0	0
P48544	0	0	1	0	0
Q96Q91	0	0	1	0	0
P45379	1	0	0	0	1
Q9NRG1	1	0	0	0	0
Q9NZL3	0	1	0	0	0
Q9H3Y6	0	0	0	1	0
Q9BQG1	1	0	0	0	0
Q14765	0	1	0	0	0
Q14766	0	0	0	1	0
P04179	1	0	0	0	0
Q9H1H9	0	0	0	0	1
O94768	0	0	0	1	0
P43080	1	0	0	0	0
P06733	0	1	0	0	0
Q06546	0	1	0	0	0
P57796	1	0	0	0	0
Q9UJU5	0	1	0	0	0
O94811	1	0	0	0	1
Q6PL18	0	0	0	0	1
Q96RY5	0	1	0	0	0
O60888	1	0	0	0	0
Q00325	0	0	1	0	0
Q06945	0	1	0	0	0
Q8N7U6	1	0	0	0	0
P15918	1	0	0	0	0
Q8NBU5	0	0	0	0	1
O43353	0	0	0	1	0
P27449	0	0	1	0	0
Q8IX15	0	1	0	0	0
Q13183	0	0	1	0	0
Q9Y4C1	1	0	0	0	0
Q9NYZ2	0	0	1	0	0
Q9NQU5	0	0	0	1	0
Q13127	0	1	0	0	0
Q09470	0	0	1	0	0
P48547	0	0	1	0	0
Q8NG66	0	0	0	1	0
P28358	0	1	0	0	0
Q8WUD1	0	0	0	0	1
Q9GZU1	0	0	1	0	0
P08235	0	1	0	0	0
P23769	0	1	0	0	0
Q8NFJ8	0	1	0	0	0
P48664	0	0	1	0	0
Q9H4E5	0	0	0	0	1
Q9Y473	0	1	0	0	0
P36404	0	0	0	0	1
Q9P2R6	0	1	0	0	0
O15547	0	0	1	0	0
Q96CJ1	0	1	0	0	0
O75185	0	0	1	0	0
P32418	1	0	1	0	0
P09327	1	0	0	0	0
Q9UQR1	0	1	0	0	0
Q96N95	0	1	0	0	0
P34897	1	0	0	0	0
P46098	0	0	1	0	0
P28069	0	1	0	0	0
P78330	1	0	0	0	0
Q9BYV2	1	0	0	0	0
O00716	0	1	0	0	0
Q9BZG1	0	0	0	0	1
P48052	1	0	0	0	0
Q9UMS0	1	0	0	0	0
Q99687	0	1	0	0	0
Q13285	0	1	0	0	0
Q01664	0	1	0	0	0
P46952	1	0	0	0	0
O00167	1	0	0	0	0
P19532	0	1	0	0	0
Q13563	1	0	1	0	0
O60706	0	0	1	0	1
P20020	0	0	1	0	1
O76081	0	0	0	0	1
O96013	0	0	0	1	0
Q8WVB6	0	0	0	0	1
Q06609	0	0	0	0	1
P48637	1	0	0	0	0
P06727	1	0	0	0	0
P11021	1	0	0	0	1
Q12829	0	0	0	0	1
Q96KJ9	0	0	1	0	0
Q8NEC5	0	0	1	0	0
Q16878	1	0	0	0	0
P30622	1	0	0	0	0
O60260	1	1	0	0	0
P17081	0	0	0	0	1
Q9Y5T5	1	0	0	0	0
P29033	1	0	0	0	0
P55040	1	0	0	0	1
Q8IVJ1	0	0	1	0	0
P27695	1	0	0	0	0
P20794	0	0	0	1	0
O15530	0	0	0	1	0
Q92800	0	1	0	0	0
P10301	0	0	0	0	1
O95159	1	0	0	0	0
Q9UQ07	0	0	0	1	0
Q9Y2V2	0	1	0	0	0
P10914	0	1	0	0	0
Q8TD08	0	0	0	1	0
Q99828	1	0	0	0	0
P55289	1	0	0	0	0
P78424	0	1	0	0	0
Q8TAU0	0	1	0	0	0
Q03060	0	1	0	0	0
Q9H4A4	1	0	0	0	0
P27540	0	1	0	0	0
Q92581	0	0	1	0	0
Q14088	0	0	0	0	1
Q9Y458	0	1	0	0	0
O00139	0	0	0	0	1
Q8IXT2	0	1	0	0	0
P37088	0	0	1	0	0
P51957	1	0	0	1	0
Q15569	0	0	0	1	0
Q96EX3	0	0	0	0	1
Q9NQW8	0	0	1	0	0
P41250	0	0	0	0	1
Q03113	0	0	0	0	1
P29972	0	0	1	0	0
P33527	0	0	0	0	1
P27708	1	0	0	1	0
Q16621	0	1	0	0	0
Q08211	0	0	0	0	1
Q9BY32	0	0	0	0	1
O15164	1	0	0	0	0
P05089	1	0	0	0	0
Q9NWY4	1	0	0	0	0
Q13526	0	0	0	0	1
Q06889	0	1	0	0	0
P37840	1	0	0	0	0
Q01658	0	1	0	0	0
P52954	0	1	0	0	0
Q15825	0	0	1	0	0
Q96SQ7	0	1	0	0	0
P02585	1	0	0	0	0
Q16584	0	0	0	1	0
Q9Y5J3	0	1	0	0	0
Q9BX63	0	0	0	0	1
O95409	0	1	0	0	0
P41091	0	0	0	0	1
Q9C098	0	0	0	1	0
P20591	0	0	0	0	1
O75132	0	1	0	0	0
Q14565	0	0	0	0	1
O43868	0	0	1	0	0
Q14141	0	0	0	0	1
P19022	1	0	0	0	0
Q96GE6	1	0	0	0	0
O43581	1	0	0	0	0
Q6QHK4	0	1	0	0	0
Q9BRJ7	0	0	0	0	1
P58215	1	0	0	0	0
Q8IXZ2	0	1	0	0	0
O43889	0	1	0	0	0
P49758	0	0	0	0	1
Q9Y2L8	1	0	0	0	0
P80075	0	0	0	1	0
Q13409	0	0	0	0	1
P51003	1	0	0	0	0
Q5HY92	0	0	0	0	1
P63167	0	0	0	0	1
Q6P4Q7	0	0	1	0	0
Q9ULI4	0	0	0	0	1
Q9UHI6	0	0	0	0	1
P10827	0	1	0	0	0
Q6P179	1	0	0	0	0
Q14435	1	0	0	0	0
Q9HBH0	0	0	0	0	1
Q9Y6M5	0	0	1	0	0
P51955	0	0	0	1	0
P34947	0	0	0	1	0
Q96T25	0	1	0	0	0
P23142	1	0	0	0	0
Q8N9I0	1	0	0	0	0
Q9Y5K8	0	0	1	0	0
P02708	0	0	1	0	0
O14576	0	0	0	0	1
Q9BSW7	1	0	0	0	0
O14901	0	1	0	0	0
Q9ULY5	1	0	0	0	0
Q00536	0	0	0	1	0
P16591	0	0	0	1	0
Q6NVH7	0	0	0	0	1
P51172	0	0	1	0	0
Q14654	1	0	1	0	0
P35638	0	1	0	0	0
P36871	1	0	0	0	0
Q01826	0	1	0	0	0
O75695	1	0	0	0	0
Q9Y666	0	0	1	0	0
Q13952	0	1	0	0	0
P32297	0	0	1	0	0
Q8NER5	1	0	0	1	0
Q9HAJ7	1	0	0	0	0
Q9NQA5	0	0	1	0	0
P21127	0	0	0	1	0
Q9UGC6	0	0	0	0	1
P30926	0	0	1	0	0
Q12952	0	1	0	0	0
Q9H8M5	0	0	1	0	0
Q9UIU6	0	1	0	0	0
Q15257	0	0	0	0	1
P00740	1	0	0	0	0
Q9Y5L4	1	0	0	0	0
O14863	0	0	1	0	0
P15291	1	0	0	0	0
Q4G112	0	1	0	0	0
O94993	0	1	0	0	0
P50553	0	1	0	0	0
Q7Z6R9	0	1	0	0	0
P61421	0	0	1	0	0
Q9P2K3	0	1	0	0	0
Q8N7G0	0	1	0	0	0
Q6NT76	0	1	0	0	0
P49336	0	0	0	1	0
P19021	1	0	0	0	0
Q08345	0	0	0	1	0
Q9NZJ9	0	0	0	0	1
O96028	0	1	0	0	0
O75874	1	0	0	0	0
Q15878	0	0	1	0	0
P46059	0	0	1	0	0
Q969S8	1	0	0	0	0
O94762	0	0	0	0	1
O95461	1	0	0	0	0
Q9H7X7	0	0	0	0	1
Q7Z406	0	0	0	0	1
P61225	0	0	0	0	1
Q9HAP2	0	1	0	0	0
Q9UL59	1	0	0	0	0
P19784	0	0	0	1	0
P22033	0	0	0	0	1
O14874	0	0	0	1	0
Q9H2S1	0	0	1	0	0
Q9UBX0	0	1	0	0	0
Q5H9I0	0	1	0	0	0
O15342	0	0	1	0	0
P05129	0	0	0	1	0
P20936	0	0	0	0	1
Q9UM54	0	0	0	0	1
P15153	0	0	0	0	1
Q8WVS4	0	0	0	0	1
Q07352	0	1	0	0	0
Q9C040	1	0	0	0	0
Q969Q5	0	0	0	0	1
Q8N196	0	1	0	0	0
Q9H0D2	0	1	0	0	0
Q9H2K8	0	0	0	1	0
Q96PR1	0	0	1	0	0
Q16600	0	1	0	0	0
P20336	0	0	0	0	1
Q9BU89	1	0	0	0	0
Q9NQ11	1	0	1	0	1
P35372	0	0	1	0	0
P13995	1	0	0	0	0
Q14974	1	0	0	0	0
P35914	1	0	0	0	0
Q16512	0	0	0	1	0
P61106	0	0	0	0	1
P35398	0	1	0	0	0
Q96K62	0	1	0	0	0
P84085	0	0	0	0	1
Q9H2H9	0	0	1	0	0
Q16515	0	0	1	0	0
P35243	1	0	0	0	0
Q96PN8	1	0	0	1	0
Q9NVJ2	0	0	0	0	1
Q9UL17	0	1	0	0	0
P63092	0	0	0	0	1
Q15777	1	0	0	0	0
P24468	0	1	0	0	0
O95848	0	0	0	0	1
Q96MK3	0	0	0	1	0
P04626	0	0	0	1	0
P37173	0	0	0	1	0
Q52WX2	0	0	0	1	0
Q13761	0	1	0	0	0
Q9NY72	0	0	1	0	0
Q8NFF2	0	0	1	0	0
Q96RK4	0	0	0	0	1
P22304	1	0	0	0	0
Q99571	1	0	1	0	0
P13693	1	0	0	0	0
O43852	1	0	0	0	0
O15062	0	1	0	0	0
Q86VH2	0	0	0	0	1
Q9P246	1	0	1	0	0
Q92599	0	0	0	0	1
O43196	0	0	0	0	1
P78368	0	0	0	1	0
Q9P0L9	1	0	1	0	0
Q9Y4I1	0	0	0	0	1
O00444	0	0	0	1	0
Q92485	1	0	0	0	0
Q9BW11	0	1	0	0	0
P51512	1	0	0	0	0
Q06413	0	1	0	0	0
Q9UHC3	0	0	1	0	0
Q13402	0	0	0	0	1
Q9NPC7	1	0	0	0	0
Q92630	1	0	0	1	0
O00468	1	0	0	0	0
P62380	0	1	0	0	0
P35916	0	0	0	1	0
Q8N4V1	0	0	1	0	0
Q08289	0	0	1	0	0
Q16322	0	0	1	0	0
P50750	0	0	0	1	0
Q9Y289	0	0	1	0	0
P22459	0	0	1	0	0
O43186	0	1	0	0	0
Q6ZWH5	0	0	0	1	0
P33993	0	0	0	0	1
Q15326	1	0	0	0	0
Q16589	0	0	0	1	0
Q9BZE4	0	0	0	0	1
Q9UHC1	0	0	0	0	1
P10242	0	1	0	0	0
P29475	1	0	0	0	0
O14832	1	0	0	0	0
O00767	1	0	0	0	0
P15172	0	1	0	0	0
Q9Y6M7	0	0	1	0	0
P56373	0	0	1	0	0
Q9H5V7	1	1	0	0	0
Q9BT81	0	1	0	0	0
P42229	0	1	0	0	0
Q00526	0	0	0	1	0
P51948	1	0	0	1	1
Q15008	0	0	0	0	1
Q5JU69	0	0	0	0	1
Q10471	1	0	0	0	0
Q99717	0	1	0	0	0
Q96PN7	0	1	0	0	0
Q96NT5	0	0	1	0	0
Q8IUM7	0	1	0	0	0
Q15915	0	1	0	0	0
Q9NYG8	0	0	1	0	0
P43405	0	0	0	1	0
Q9BRQ3	1	0	0	0	1
P12524	0	1	0	0	0
Q8WYP5	0	1	0	0	0
Q08623	1	0	0	0	0
P15923	0	1	0	0	0
Q6ZN18	0	1	0	0	0
Q8IW41	0	0	0	1	0
Q9NRH2	1	0	0	1	0
Q15583	0	1	0	0	0
Q9NQB0	0	1	0	0	0
Q9UQE7	0	0	0	0	1
Q5VU97	0	0	1	0	0
O43745	1	0	0	0	0
Q9UMR7	1	0	0	0	0
Q8WTW4	0	0	0	1	0
O43741	0	0	0	1	0
Q86YT5	0	0	1	0	0
Q9UGL1	1	0	0	0	0
P27216	1	0	0	0	0
O14757	0	0	0	1	0
Q8WXA8	0	0	1	0	0
Q03014	0	1	0	0	0
Q02880	0	0	0	0	1
P11831	0	1	0	0	0
P80303	1	0	0	0	0
Q13461	0	1	0	0	0
P55008	1	0	0	0	0
Q9BTU6	1	0	0	0	0
Q14549	0	1	0	0	0
Q96RD7	0	0	1	0	0
P22223	1	0	0	0	0
Q16649	0	1	0	0	0
Q06278	1	0	0	0	0
P09619	0	0	0	1	0
Q9NPA1	0	0	1	0	0
Q15910	0	1	0	0	0
P07333	0	0	0	1	0
Q8N1S5	0	0	1	0	0
Q9NZQ0	0	0	0	0	1
P57735	0	0	0	0	1
Q6DD88	0	0	0	0	1
Q9Y6M4	0	0	0	1	0
P23297	1	0	0	0	0
P11473	0	1	0	0	0
Q8WTV1	0	1	0	0	0
P13056	0	1	0	0	0
O14647	0	0	0	0	1
P10606	0	0	1	0	0
Q8NHX9	0	0	1	0	0
O95747	1	0	0	1	0
Q96JJ6	0	0	1	0	0
Q15019	0	0	0	0	1
Q02078	0	1	0	0	0
Q9H2G2	0	0	0	1	0
Q14094	0	0	0	1	0
P17483	0	1	0	0	0
P62508	0	1	0	0	0
Q99743	0	1	0	0	0
Q6UVY6	1	0	0	0	0
O14657	0	0	0	0	1
Q9H222	0	0	0	0	1
P54762	0	0	0	1	0
P35499	0	0	1	0	0
O60313	1	0	0	0	1
Q96LW4	1	0	0	0	0
P21283	0	0	1	0	0
P09067	0	1	0	0	0
O75340	1	0	0	0	0
Q9P2Z0	0	1	0	0	0
P06241	0	0	0	1	0
P40126	1	0	0	0	0
Q9Y5S1	0	0	1	0	0
Q9GZN2	0	1	0	0	0
O14867	0	1	0	0	0
P19793	1	1	0	0	0
Q86VE0	0	1	0	0	0
Q14995	0	1	0	0	0
Q07699	0	0	1	0	0
P41212	0	1	0	0	0
Q8IYA7	0	1	0	0	0
Q16650	0	1	0	0	0
O95067	0	0	0	1	0
Q13609	1	0	0	0	0
P43005	0	0	1	0	0
Q7Z4S6	0	0	0	0	1
Q9ULC6	1	0	0	0	0
Q5TAH2	0	0	1	0	0
Q96KK3	0	0	1	0	0
Q96A46	0	0	1	0	0
O75131	0	0	0	1	0
Q9NRW1	0	0	0	0	1
Q9UIX4	0	0	1	0	0
P62955	0	0	1	0	0
Q15139	0	0	0	1	0
Q9Y3Q8	0	1	0	0	0
Q9BT88	1	0	0	0	0
O75348	0	0	1	0	0
P35558	1	0	0	0	0
O43680	0	1	0	0	0
Q96T55	0	0	1	0	0
P06213	0	0	0	1	0
P51787	0	0	1	0	0
Q06330	0	1	0	0	0
P11802	0	0	0	1	0
Q9UNX9	0	0	1	0	0
Q9H6S0	0	0	0	0	1
P32780	0	0	0	1	1
Q96SF2	0	0	1	0	0
Q15596	0	1	0	0	0
Q8N143	0	1	0	0	0
Q8IU60	0	0	0	0	1
Q9NRE2	0	1	0	0	0
P04629	0	0	0	1	0
Q16566	0	0	0	1	0
O15146	0	0	0	1	0
Q9H2U2	0	0	0	0	1
Q6ZMT4	1	0	0	0	0
Q93088	1	0	0	0	0
P51617	0	0	0	1	0
Q9BQW3	0	1	0	0	0
P49842	0	0	0	1	0
Q13976	0	0	0	1	0
P08631	0	0	0	1	0
O15370	0	1	0	0	0
Q96L33	0	0	0	0	1
Q8TDI8	0	0	1	0	0
Q96DA2	0	0	0	0	1
Q9NY64	0	0	1	0	0
P27824	1	0	0	0	0
Q08209	1	0	0	0	0
Q96EK4	1	1	0	0	0
P51553	1	0	0	0	0
Q9HBU1	0	1	0	0	0
P0CG13	0	0	0	0	1
Q5VXU9	0	0	0	0	1
P20719	0	1	0	0	0
Q8IZY2	0	0	0	0	1
Q9H175	0	1	0	0	0
O00571	0	0	0	0	1
Q9NP94	0	0	1	0	0
Q9NZI6	0	1	0	0	0
P22894	1	0	0	0	0
O75030	0	1	0	0	0
P52564	0	0	0	1	0
P22736	0	1	0	0	0
P48730	0	0	0	1	0
Q9NWT6	1	0	0	0	0
Q9H598	0	0	1	0	0
P52945	0	1	0	0	0
Q9BYZ8	1	0	0	0	0
P39748	1	0	0	0	0
P10828	0	1	0	0	0
Q96A33	1	0	0	0	0
O60519	0	1	0	0	0
P17936	1	0	0	0	0
O00305	0	0	1	0	0
P07900	0	0	0	0	1
Q9GZZ0	0	1	0	0	0
Q96Q89	0	0	0	0	1
O75461	0	1	0	0	0
Q9UI12	0	0	0	0	1
O60285	0	0	0	1	0
O60282	0	0	0	0	1
Q9H159	1	0	0	0	0
P01042	1	0	0	0	0
P57771	0	0	0	0	1
P67809	0	1	0	0	0
Q96AC6	0	0	0	0	1
O75762	0	0	1	0	0
Q66K89	0	1	0	0	0
P00441	1	0	0	0	0
P49789	0	0	0	0	1
Q9BSJ8	1	0	0	0	0
P32519	0	1	0	0	0
Q93034	0	0	1	0	0
P08133	0	0	1	0	0
Q8IUE0	0	1	0	0	0
Q15043	0	0	1	0	0
Q9UPW6	0	1	0	0	0
O43323	1	0	0	0	0
P62873	0	0	0	0	1
Q9NZT1	1	0	0	0	0
Q9BZ11	1	0	0	0	0
P08253	1	0	0	0	0
Q9Y2Q1	1	0	0	0	0
P17010	0	1	0	0	0
Q02086	0	1	0	0	0
Q7Z591	0	1	0	0	0
Q96E17	0	0	0	0	1
Q86U28	1	0	0	0	0
Q13546	0	0	0	1	0
Q00534	0	0	0	1	0
O60674	0	0	0	1	0
Q09428	0	0	1	0	1
P38936	0	0	0	1	0
O94812	1	0	0	0	0
O95741	1	0	0	0	0
O14770	0	1	0	0	0
P14621	0	0	0	0	1
Q86UP3	0	1	0	0	0
Q8NBI6	1	0	0	0	0
Q32MQ0	0	1	0	0	0
Q8NHV9	0	1	0	0	0
Q14289	0	0	1	1	0
P41238	1	0	0	0	0
Q92784	1	0	0	0	0
Q9NR34	1	0	0	0	0
Q1EHB4	0	0	1	0	0
P53355	0	0	0	1	0
O15090	0	1	0	0	0
Q16558	0	0	1	0	0
Q02930	0	1	0	0	0
P20337	0	0	0	0	1
Q9NX57	0	0	0	0	1
P54219	0	0	1	0	0
Q9UBV8	1	0	0	0	0
Q9NSY0	0	0	0	1	0
O75603	0	1	0	0	0
Q96S65	0	1	0	0	0
Q9NYW8	1	0	0	0	0
Q8IUR6	0	1	0	0	0
P48382	0	1	0	0	0
Q9NZI7	0	1	0	0	0
Q9UJ96	0	0	1	0	0
P09016	0	1	0	0	0
O75460	1	0	0	1	0
Q9NQW7	1	0	0	0	0
Q8TAD4	1	0	1	0	0
Q9P2E3	0	1	0	0	0
Q08462	1	0	0	0	0
Q92858	0	1	0	0	0
Q09013	0	0	0	1	0
Q15293	1	0	0	0	0
P37275	1	1	0	0	0
P32242	0	1	0	0	0
Q9BT17	0	0	0	0	1
Q6P5Z2	0	0	0	1	0
Q9H0K1	1	0	0	1	0
O00562	1	0	0	0	0
Q9Y4X5	1	0	0	0	0
P46976	1	0	0	0	0
Q13733	0	0	1	0	0
Q9BZ71	1	0	0	0	0
Q5VT25	1	0	0	1	0
Q9Y5Q3	0	1	0	0	0
Q9H0U3	0	0	1	0	0
Q9HD23	0	0	1	0	0
P98095	1	0	0	0	0
Q9NZV1	0	0	0	1	0
Q15406	0	1	0	0	0
Q9ULG1	0	0	0	0	1
P14859	0	1	0	0	0
Q8IU99	0	0	1	0	0
Q13838	0	0	0	0	1
Q9NZR4	0	1	0	0	0
Q9Y6X9	1	0	0	0	1
Q8NFZ0	0	0	0	0	1
P18848	0	1	0	0	0
Q9UKA1	1	0	0	0	0
Q13873	0	0	0	1	0
Q10472	1	0	0	0	0
Q99661	0	0	0	0	1
P13866	0	0	1	0	0
Q8N5P1	0	1	0	0	0
P13805	1	0	0	0	1
Q05639	0	0	0	0	1
Q9UQM7	0	0	0	1	0
A0FGR9	1	0	0	0	0
O15399	0	0	1	0	0
P52732	0	0	0	0	1
P35226	1	0	0	0	0
P04196	1	0	0	0	0
P04732	1	0	0	0	0
Q9Y2D1	0	1	0	0	0
O00327	0	1	0	0	0
Q9HD20	0	0	1	0	0
Q13568	0	1	0	0	0
P35080	0	0	0	0	1
O43570	1	0	0	0	0
Q96FC9	0	0	0	0	1
P43250	0	0	0	1	0
Q13490	1	0	0	0	0
Q8IZL9	0	0	0	1	0
O76064	1	0	0	0	0
Q08881	0	0	0	1	0
P46020	0	0	0	1	0
A8MPS7	1	0	0	0	0
P60953	0	0	0	0	1
Q9UBW7	1	1	0	0	0
Q5SXM2	0	1	0	0	0
Q6ZVN8	0	0	0	1	0
Q9NP97	0	0	0	0	1
O60333	0	0	0	0	1
P78325	1	0	0	0	0
O95670	0	0	1	0	0
O95239	0	0	0	0	1
Q9HAS3	0	0	1	0	0
P22460	0	0	1	0	0
O75398	0	1	0	0	0
Q9NY47	0	0	1	0	0
Q9HBF4	1	0	0	0	0
P01100	0	1	0	0	0
Q99814	0	1	0	0	0
Q03181	0	1	0	0	0
P15036	0	1	0	0	0
Q7Z2H8	0	0	1	0	0
Q15078	1	0	0	1	0
Q14973	0	0	1	0	0
P35670	1	0	1	0	0
Q9P1W3	0	0	1	0	0
Q15118	0	0	0	1	0
P41970	0	1	0	0	0
Q96M86	0	0	0	0	1
P0CE71	1	0	0	0	0
Q86UZ6	0	1	0	0	0
A0AVK6	0	1	0	0	0
Q9UM00	0	0	1	0	0
Q96QP1	0	0	0	1	0
Q13188	1	0	0	1	0
Q9HB90	1	0	0	0	1
O15231	1	0	0	0	0
Q86UQ0	0	1	0	0	0
P19525	0	0	0	1	0
Q99732	1	1	0	0	0
P25208	0	1	0	0	0
Q03933	0	1	0	0	0
Q2M1P5	0	0	0	0	1
Q15526	0	0	1	0	0
P23415	1	0	0	0	0
Q96D15	1	0	0	0	0
P48067	0	0	1	0	0
P34925	0	0	0	1	0
P36544	0	0	1	0	0
P02771	1	0	0	0	0
Q9BVA0	0	0	0	0	1
Q6P0N0	0	1	0	0	0
Q9BQ31	0	0	1	0	0
P35590	0	0	0	1	0
P41220	0	0	0	0	1
O75129	1	0	0	0	0
Q9NTG7	1	0	0	0	0
P14679	1	0	0	0	0
Q9ULX9	0	1	0	0	0
Q9UBV7	1	0	0	0	0
Q8WW38	1	1	0	0	0
Q96T92	0	1	0	0	0
Q12887	0	0	1	0	0
Q9BYE9	1	0	0	0	0
P40394	1	0	0	0	0
P13010	0	0	0	0	1
P14649	0	0	0	0	1
P62745	0	0	0	0	1
P55010	0	0	0	0	1
P14653	0	1	0	0	0
O95786	1	0	0	0	0
Q96S53	0	0	0	1	0
O00408	1	0	0	0	0
Q9NPC8	0	1	0	0	0
Q9GZR7	0	0	0	0	1
Q9BWT3	1	0	0	0	0
P62191	0	0	0	0	1
Q9UM07	1	0	0	0	0
Q16659	0	0	0	1	0
O94916	0	1	0	0	0
P43681	0	0	1	0	0
Q8NBS3	0	0	1	0	0
Q15797	0	1	0	0	0
O15381	0	0	0	0	1
Q13043	1	0	0	1	0
Q13938	1	0	0	0	0
Q9NQH7	1	0	0	0	0
Q96RP9	0	0	0	0	1
Q9NZ08	1	0	0	0	0
O00418	0	0	0	1	0
Q13470	0	0	0	1	0
Q9Y2H1	1	0	0	1	0
P35251	0	0	0	0	1
Q9ULD8	0	0	1	0	0
Q9Y3D2	1	0	0	0	0
O43670	1	0	0	0	0
O00764	1	0	0	0	0
Q8NEV4	0	0	0	1	1
O75364	0	1	0	0	0
P45985	0	0	0	1	0
Q9GZV3	0	0	1	0	0
P16035	1	0	0	0	0
Q9NTG1	0	0	1	0	0
Q8IZS8	0	0	1	0	0
Q15811	1	0	0	0	0
Q9BPX6	1	0	0	0	0
Q8N7C0	0	0	1	0	0
P51164	0	0	1	0	0
Q07001	0	0	1	0	0
P30049	0	0	1	0	1
Q92974	1	0	0	0	0
Q16520	0	1	0	0	0
P20393	0	1	0	0	0
O60663	0	1	0	0	0
Q12947	0	1	0	0	0
Q9BXT6	1	0	0	0	1
Q9H165	0	1	0	0	0
O15119	0	1	0	0	0
P49356	1	0	0	0	0
Q9HAR2	1	0	0	0	0
O95936	0	1	0	0	0
Q6X4U4	0	0	0	1	0
Q9Y230	0	0	0	0	1
O95947	0	1	0	0	0
Q71RS6	0	0	1	0	0
Q9Y4K0	1	0	0	0	0
Q6PCT2	1	0	0	0	0
Q9GZN0	0	0	0	0	1
Q12873	1	0	0	0	1
Q401N2	1	0	0	0	0
Q8NCN2	0	1	0	0	0
Q8IV63	0	0	0	1	0
O15432	0	0	1	0	0
Q9NR82	0	0	1	0	0
Q8IXH8	1	0	0	0	0
P43003	0	0	1	0	0
Q9H2P0	0	1	0	0	0
O60934	0	0	0	0	1
Q8NI51	0	1	0	0	0
P43652	1	0	0	0	0
P50993	1	0	1	0	1
P13686	1	0	0	0	0
Q14240	0	0	0	0	1
O15457	0	0	0	0	1
Q12908	0	0	1	0	0
Q9BWV3	1	0	0	0	0
O15391	0	1	0	0	0
Q14494	0	1	0	0	0
O15072	1	0	0	0	0
Q5VZL5	0	1	0	0	0
Q15465	1	0	0	0	0
Q9UKN5	0	1	0	0	0
Q9BY07	0	0	1	0	0
Q9UF33	0	0	0	1	0
Q9C009	0	1	0	0	0
Q9Y5W3	0	1	0	0	0
Q8IVU9	1	0	0	0	0
P24539	0	0	1	0	1
P11766	1	0	0	0	0
P46734	0	0	0	1	0
O14983	1	0	1	0	1
Q9Y691	0	0	1	0	0
Q9NY91	0	0	1	0	0
Q13796	0	0	1	0	0
P48736	0	0	0	1	0
O15315	0	0	0	0	1
P17481	0	1	0	0	0
Q96QS3	0	1	0	0	0
Q16181	0	0	0	0	1
Q14774	0	1	0	0	0
P26367	0	1	0	0	0
O95416	0	1	0	0	0
Q9BQ50	1	0	0	0	0
O95551	1	0	0	0	0
P06702	1	0	0	0	0
P30793	1	0	0	0	1
Q7Z465	0	0	0	0	1
O75771	0	0	0	0	1
P49640	0	1	0	0	0
Q9UEE5	0	0	0	1	0
P09238	1	0	0	0	0
Q9NYV4	0	0	0	1	0
Q9UBS0	0	0	0	1	0
P08047	0	1	0	0	0
Q15768	0	0	0	1	0
P14625	1	0	0	0	0
P54753	0	0	0	1	0
O95837	0	0	0	0	1
O00482	0	1	0	0	0
P50221	0	1	0	0	0
Q9NZV8	0	0	1	0	0
Q13206	0	0	0	0	1
P08240	0	0	0	0	1
Q9NSU2	1	0	0	0	0
P61244	0	1	0	0	0
Q92949	0	1	0	0	0
O00423	1	0	0	0	0
Q6PJG2	0	1	0	0	0
Q5VTH9	0	0	0	0	1
P43246	1	0	0	0	1
O14978	0	1	0	0	0
Q14012	0	0	0	1	0
O95201	1	0	0	0	0
O96017	0	0	0	1	0
Q9BTL4	0	1	0	0	0
Q13003	0	0	1	0	0
Q8NB16	0	0	0	1	0
Q16654	0	0	0	1	0
P05187	1	0	0	0	0
Q8NFW5	0	1	0	0	0
Q9NXA8	1	0	0	0	0
Q8IWY4	1	0	0	0	0
P51793	0	0	1	0	0
Q8NEY4	0	0	1	0	0
P36508	0	1	0	0	0
P16520	0	0	0	0	1
O75914	0	0	0	1	0
P46019	0	0	0	1	0
Q07075	1	0	0	0	0
P31151	1	0	0	0	0
O15297	0	0	0	1	0
Q13423	0	0	1	0	0
O75116	0	0	0	1	0
Q8NBV8	1	0	0	0	0
O76031	0	0	0	0	1
Q13153	0	0	0	1	0
Q9UKD1	0	1	0	0	0
Q5JRX3	1	0	0	0	0
Q8N1L9	0	1	0	0	0
Q8N2S1	1	0	0	1	0
P38405	0	0	0	0	1
Q7RTV0	1	0	0	0	0
Q9NRX3	0	0	1	0	0
O95279	0	0	1	0	0
Q13233	0	0	0	1	0
Q9H2X6	0	0	0	1	0
Q00796	1	0	0	0	0
Q99856	0	1	0	0	0
Q9Y5R5	0	1	0	0	0
P03950	1	0	0	0	0
Q6P0Q8	1	0	0	1	0
P27169	1	0	0	0	0
Q15466	0	1	0	0	0
O60682	0	1	0	0	0
Q9NVV4	1	0	0	0	0
Q9UBR1	1	0	0	0	0
P40426	0	1	0	0	0
Q9H8Y1	0	1	0	0	0
Q9BY78	1	0	0	0	0
Q9HC16	1	0	0	0	0
P14151	1	0	0	0	0
Q15561	0	1	0	0	0
P40424	0	1	0	0	0
P43354	0	1	0	0	0
Q9UJU2	0	1	0	0	0
Q99593	0	1	0	0	0
Q68CJ9	0	1	0	0	0
O75151	1	0	0	0	0
Q6BEB4	0	1	0	0	0
Q8N441	0	0	0	1	0
Q8IYT8	0	0	0	1	0
O95755	0	0	0	0	1
Q3V5L5	1	0	0	0	0
O95644	0	1	0	0	0
P57729	0	0	0	0	1
Q96IU2	0	1	0	0	0
O00483	0	0	1	0	0
Q9NP72	0	0	0	0	1
Q9BYV9	0	1	0	0	0
P81133	0	1	0	0	0
P0C025	0	0	0	0	1
P63215	0	0	0	0	1
Q9NVI7	1	0	0	0	0
O14618	1	0	0	0	0
Q07869	0	1	0	0	0
O15350	0	1	0	0	0
P53794	0	0	1	0	0
P51170	0	0	1	0	0
Q9NYN1	0	0	0	0	1
P15382	0	0	1	0	0
Q12840	0	0	0	0	1
A3KMH1	0	0	0	0	1
Q99576	0	1	0	0	0
P06493	0	0	0	1	0
P31276	0	1	0	0	0
P14921	0	1	0	0	0
Q9NTK5	0	0	0	0	1
O76038	1	0	0	0	0
Q16534	0	1	0	0	0
Q9ULI0	0	0	0	0	1
Q01892	0	1	0	0	0
Q7RTN6	0	0	0	1	0
Q8NE28	0	0	0	1	0
P48995	0	0	1	0	0
Q9Y2C5	0	0	1	0	0
P36897	0	0	0	1	0
P36954	1	0	0	0	0
Q92766	0	1	0	0	0
Q9P2K8	0	0	0	1	0
P48723	0	0	0	0	1
Q5JZY3	0	0	0	1	0
P53779	0	0	0	1	0
O95835	1	0	0	1	0
P35250	0	0	0	0	1
Q9BYU1	0	1	0	0	0
P84022	1	1	0	0	0
P43686	0	0	0	0	1
Q9UF02	0	0	1	0	0
Q02763	0	0	0	1	0
P17658	0	0	1	0	0
Q9Y6X5	0	0	0	0	1
P08922	0	0	0	1	0
P68400	0	0	0	1	0
Q8TD86	1	0	0	0	0
P01112	0	0	0	0	1
Q9UGQ3	0	0	1	0	0
